IdDiArtico;ART_CODICE;classificatore3;Descrizione;MARCA;ART_STAGIONE;RUNFLAT;IC;IV;SETTORE;DISPONIBILE;Disp_BGD;Impegnato;PREZZO_LISTINO;COSTO_ULTIMO;DataUltimoCosto;ORD_VALORD;ORDINATOFOR;VendPdv;UltimaVendPdv;VendAnPrecPDVOggi;VendPdvAnPrec;PrezUltVendPdv;VendDistrPV;UltimaVendDistrPV;VendDistrAnPrecPVOggi;VendDistrAnPrecPV;CliUltimaVendPV;PrezUltVendPV;UltimaVendDistrGV;CliUltimaVendGV;PrezUltVendGV;GiorniNonVenduto;Stato_Articolo;P_T24_24H;P_Std;ART_CAI;PM_Std;PM_T24;PrezzoManuale;PM_Std_Data;PM_T24_Data;PrezManData;NOTE;Posizione;Diff24H;T24_TopPrz;P_1For48H
39555;2255016-BRI-77321   ;16;225/50R16 92V Runflat BRIDGESTONE RE050 BZ RFT BRIDGESTON;BRIDGESTONE                             ;ESTIVO;SI;92                                      ;V                                       ;VETTURA                                 ;0;0;0;0.000;279.920;44010;0.000;0;null;null;null;null;null;null;null;null;null;null;null;null;null;null;null;S;null;null;77321;0;0;0;;;;null;null;null;null;null
39567;1955516-GOO-516814  ;16;195/55R16 87H Runflat GOODYEAR EAGLE NCT5;GOODYEAR                                ;ESTIVO;SI;87                                      ;H                                       ;VETTURA                                 ;0;0;0;212.500;84.500;41731;0.000;0;null;41733;null;null;null;null;null;null;null;null;null;null;null;null;4118;S;null;null;516814;0;0;0;;;;null;null;null;null;null
39568;1955516-BRI-2212    ;16;195/55R16 87H Runflat * BRIDGESTONE TURANZA ER300;BRIDGESTONE                             ;ESTIVO;SI;87                                      ;H                                       ;VETTURA                                 ;0;0;0;170.900;83.060;43949;0.000;0;null;null;null;null;104.49;null;43955;null;null;AD TYRES INTERNATIONAL FR               ;104.49;null;null;null;null;S;null;null;2212;0;0;0;;;;null;null;null;null;null
39571;1955516-BRI-78410   ;16;195/55R16 87H BRIDGESTONE TURANZA ER300;BRIDGESTONE                             ;ESTIVO;;87                                      ;H                                       ;VETTURA                                 ;0;0;0;187.900;0.000;0;0.000;0;null;null;null;null;null;null;null;null;null;null;null;null;null;null;null;S;null;null;78410;0;0;0;;;;195/55/16 ER300                                                                 ;null;null;null;null
39572;1955516-BRI-78412   ;16;195/55R16 87V Runflat BRIDGESTONE TURANZA ER300;BRIDGESTONE                             ;ESTIVO;SI;87                                      ;V                                       ;VETTURA                                 ;0;0;0;206.000;87.753;40967;0.000;0;null;41050;null;null;null;null;null;null;null;null;null;null;null;null;4801;S;null;null;78412;0;0;0;;;;                                                                                ;null;null;null;null
39583;1955516-MIC-333651  ;16;195/55R16 87V Runflat MICHELIN PRIMACY HP;MICHELIN                                ;ESTIVO;SI;87                                      ;V                                       ;VETTURA                                 ;0;0;0;178.930;0.000;0;0.000;0;null;null;null;null;null;null;null;null;null;null;null;null;null;null;null;S;null;null;333651;0;0;0;;;;null;null;null;null;null
39586;1955516-MIC-601491  ;16;195/55R16 87H Runflat MICHELIN PRIMACY ALPIN PA3;MICHELIN                                ;INVERNALE;SI;87                                      ;H                                       ;VETTURA                                 ;0;0;0;156.640;0.000;0;0.000;0;null;null;null;null;null;null;null;null;null;null;null;null;null;null;null;S;null;null;601491;0;0;0;;;;null;null;null;null;null
39587;1955516-DUN-518823  ;16;195/55R16 87H Runflat *RSC DUNLOP SP SPORT 01;DUNLOP                                  ;ESTIVO;SI;87                                      ;H                                       ;VETTURA                                 ;0;0;0;169.000;0.000;0;0.000;0;null;null;null;null;null;null;null;null;null;null;null;null;null;null;null;S;null;null;518823;0;0;0;;;;null;null;null;null;null
39591;1955516-PIR-1453400 ;16;195/55R16 87H Runflat PIRELLI WINTER 210 SNOWSPORT;PIRELLI                                 ;INVERNALE;SI;87                                      ;H                                       ;VETTURA                                 ;0;0;0;265.500;0.000;0;0.000;0;null;null;null;null;null;null;null;null;null;null;null;null;null;null;null;S;null;null;1453400;0;0;0;;;;null;null;null;null;null
39592;1955516-HAN-1007879 ;16;195/55R16 87V Runflat HANKOOK W300;HANKOOK                                 ;INVERNALE;SI;87                                      ;V                                       ;VETTURA                                 ;0;0;0;158.820;0.000;0;0.000;0;null;null;null;null;null;null;null;null;null;null;null;null;null;null;null;S;null;null;1007879;0;0;0;;;;                                                                                ;null;null;null;null
39593;2054018-PIR-1758600 ;18;205/40R18 86W XL Runflat (*) PIRELLI P ZERO;PIRELLI                                 ;ESTIVO;SI;86                                      ;W                                       ;VETTURA                                 ;0;0;0;342.000;129.690;42939;0.000;0;null;null;null;null;156.28;null;42941;null;null;ABDELGHAFFAR AYMAN AHMED                ;156.28;null;null;null;null;S;null;null;1758600;0;0;0;;;;null;null;null;null;null
39594;2054018-BRI-79213   ;18;205/40R18 82W Runflat * BRIDGESTONE RE050A;BRIDGESTONE                             ;ESTIVO;SI;82                                      ;W                                       ;VETTURA                                 ;0;0;0;264.000;85.810;43534;0.000;0;null;null;null;null;104.76;null;43829;null;null;CHIMENZ GOMME SERVICE                   ;104.76;null;null;null;null;S;null;null;79213;0;0;0;;;;null;null;null;null;null
39600;2054517-PIR-1299700 ;17;205/45R17 84V Runflat PIRELLI EUFORI@;PIRELLI                                 ;ESTIVO;SI;84                                      ;V                                       ;VETTURA                                 ;0;0;0;357.000;0.000;0;0.000;0;null;null;null;null;null;null;null;null;null;null;null;null;null;null;null;S;null;null;1299700;0;0;0;;;;                                                                                ;null;null;null;null
39604;2054517-DUN-528731  ;17;205/45R17 84V Runflat DUNLOP SP SPORT 01;DUNLOP                                  ;ESTIVO;SI;84                                      ;V                                       ;VETTURA                                 ;0;0;0;319.500;121.490;41031;0.000;0;null;41099;null;null;null;null;null;null;null;null;null;null;null;null;4752;S;null;null;518510;0;0;0;;;;null;null;null;null;null
39606;2054517-PIR-1500000 ;17;205/45R17 84V Runflat PIRELLI WINTER 240 SNOWSPORT;PIRELLI                                 ;INVERNALE;SI;84                                      ;V                                       ;VETTURA                                 ;0;0;0;394.000;0.000;0;0.000;0;null;null;null;null;null;null;null;null;null;null;null;null;null;null;null;S;null;null;1500000;0;0;0;;;;null;null;null;null;null
39610;2055017-PIR-1873300 ;17;205/50R17 93W PIRELLI CINTURATO P7;PIRELLI                                 ;ESTIVO;;93                                      ;W                                       ;VETTURA                                 ;0;0;0;330.500;75.000;41001;0.000;0;null;42135;null;null;80.99;null;42069;null;null;VALDILLASIGOMME DI PIRANA ANGELO        ;80.99;null;null;null;3716;S;null;null;1873300;0;0;0;;;;null;null;null;null;null
39626;2055017-BRI-1756    ;17;205/50R17 89W Runflat * BRIDGESTONE RE050A;BRIDGESTONE                             ;ESTIVO;SI;89                                      ;W                                       ;VETTURA                                 ;0;0;0;219.300;112.900;41902;0.000;0;null;41897;null;null;null;null;null;null;null;null;null;null;null;null;3954;S;null;null;1756;0;0;0;;;;null;null;null;null;null
39627;2055017-PIR-1600000 ;17;205/50R17 89H Runflat (e) PIRELLI WINTER 210 SOTTOZERO;PIRELLI                                 ;INVERNALE;SI;89                                      ;H                                       ;VETTURA                                 ;0;0;0;315.000;0.000;0;0.000;0;null;null;null;null;null;null;null;null;null;null;null;null;null;null;null;S;null;null;1600000;0;0;0;;;;                                                                                ;null;null;null;null
39631;2055516-BRI-1692    ;16;205/55R16 91H Runflat * BRIDGESTONE TURANZA ER300;BRIDGESTONE                             ;ESTIVO;SI;91                                      ;H                                       ;VETTURA                                 ;0;0;0;126.000;60.370;43611;0.000;0;null;null;null;null;75.62;null;43571;null;null;B. FUHRMANN EINZELHANDEL GMBH           ;75.62;null;null;null;null;S;null;null;1692;0;0;0;;;;null;null;null;null;null
39632;2055516-BRI-1601    ;16;205/55R16 91V Runflat * BRIDGESTONE TURANZA ER300;BRIDGESTONE                             ;ESTIVO;SI;91                                      ;V                                       ;VETTURA                                 ;0;0;0;132.900;73.550;41394;0.000;0;null;41401;null;null;null;null;null;null;null;null;null;null;null;null;4450;S;null;null;1601;0;0;0;;;;null;null;null;null;null
39633;2055516-BRI-1693    ;16;205/55R16 91W Runflat * BRIDGESTONE TURANZA ER300;BRIDGESTONE                             ;ESTIVO;SI;91                                      ;W                                       ;VETTURA                                 ;0;0;0;137.700;0.000;0;0.000;0;null;null;null;null;null;null;null;null;null;null;null;null;null;null;null;S;null;null;1693;0;0;0;;;;null;null;null;null;null
39634;2055516-BRI-78584   ;16;205/55R16 91H Runflat BRIDGESTONE TURANZA ER300;BRIDGESTONE                             ;ESTIVO;SI;91                                      ;H                                       ;VETTURA                                 ;0;0;0;154.500;0.000;0;0.000;0;null;null;null;null;null;null;null;null;null;null;null;null;null;null;null;S;null;null;78584;0;0;0;;;;null;null;null;null;null
39635;2055516-BRI-78586   ;16;205/55R16 91V Runflat * BRIDGESTONE TURANZA ER300;BRIDGESTONE                             ;ESTIVO;SI;91                                      ;V                                       ;VETTURA                                 ;0;0;0;130.000;69.750;42088;0.000;0;null;42093;null;null;null;null;null;null;null;null;null;null;null;null;3758;S;null;null;78586;0;0;0;;;;null;null;null;null;null
39637;2055516-BRI-78588   ;16;205/55R16 91W Runflat BRIDGESTONE TURANZA ER300;BRIDGESTONE                             ;ESTIVO;SI;91                                      ;W                                       ;VETTURA                                 ;0;0;0;160.500;60.000;41423;0.000;0;null;41425;null;null;null;null;null;null;null;null;null;null;null;null;4426;S;null;null;78588;0;0;0;;;;null;null;null;null;null
39652;2055516-MIC-864261  ;16;205/55R16 91H Runflat MICHELIN PRIMACY HP;MICHELIN                                ;ESTIVO;SI;91                                      ;H                                       ;VETTURA                                 ;0;0;0;149.430;87.400;41556;0.000;0;null;41558;null;null;null;null;null;null;null;null;null;null;null;null;4293;S;null;null;864261;0;0;0;;;;null;null;null;null;null
39654;2055516-MIC-991863  ;16;205/55R16 91V Runflat MICHELIN PRIMACY HP;MICHELIN                                ;ESTIVO;SI;91                                      ;V                                       ;VETTURA                                 ;0;0;0;153.850;97.950;41240;0.000;0;null;41248;null;null;null;null;null;null;null;null;null;null;null;null;4603;S;null;null;991863;0;0;0;;;;null;null;null;null;null
39664;2154018-BRI-1954    ;18;215/40R18 85Y Runflat BRIDGESTONE RE050A;BRIDGESTONE                             ;ESTIVO;SI;85                                      ;Y                                       ;VETTURA                                 ;0;0;0;253.500;0.000;0;0.000;0;null;null;null;null;null;null;null;null;null;null;null;null;null;null;null;S;null;null;1954;0;0;0;;;;null;null;null;null;null
39678;2254018-PIR-1740100 ;18;225/40R18 88Y Runflat PIRELLI P ZERO;PIRELLI                                 ;ESTIVO;SI;88                                      ;Y                                       ;VETTURA                                 ;0;0;0;472.000;132.020;41750;0.000;0;null;41782;null;null;null;null;null;null;null;null;null;null;null;null;4069;S;null;null;1740100;0;0;0;;;;                                                                                ;null;null;null;null
39696;2254517-MIC-918529  ;17;225/45R17 91W Runflat MICHELIN PRIMACY HP;MICHELIN                                ;ESTIVO;SI;91                                      ;W                                       ;VETTURA                                 ;0;0;0;172.460;121.630;41142;0.000;0;null;41145;null;null;null;null;null;null;null;null;null;null;null;null;4706;S;null;null;225;0;0;0;;;;                                                                                ;null;null;null;null
39697;2254517-MIC-460120  ;17;225/45R17 91V Runflat MICHELIN PRIMACY HP;MICHELIN                                ;ESTIVO;SI;91                                      ;V                                       ;VETTURA                                 ;0;0;0;167.210;84.000;41945;0.000;0;null;41947;null;null;null;null;null;null;null;null;null;null;null;null;3904;S;null;null;460120;0;0;0;;;;null;null;null;null;null
39701;2254517-PIR-1738200 ;17;225/45R17 91V Runflat PIRELLI P ZERO;PIRELLI                                 ;ESTIVO;SI;91                                      ;V                                       ;VETTURA                                 ;0;0;0;290.500;0.000;0;0.000;0;null;null;null;null;null;null;null;null;null;null;null;null;null;null;null;S;null;null;1738200;0;0;0;;;;                                                                                ;null;null;null;null
39711;2254517-PIR-1723100 ;17;225/45R17 91H Runflat PIRELLI WINTER 210 SOTTOZERO;PIRELLI                                 ;INVERNALE;SI;91                                      ;H                                       ;VETTURA                                 ;0;0;0;413.000;0.000;0;0.000;0;null;null;null;null;null;null;null;null;null;null;null;null;null;null;null;S;null;null;1723100;0;0;0;;;;null;null;null;null;null
39713;2255016-BRI-78972   ;16;225/50R16 92V Runflat * BRIDGESTONE RE050;BRIDGESTONE                             ;ESTIVO;SI;92                                      ;V                                       ;VETTURA                                 ;0;0;0;233.800;113.670;43478;0.000;0;null;null;null;null;139.25;null;43480;null;null;GAUBY PNEUS                             ;139.25;null;null;null;null;S;null;null;78972;0;0;0;;;;null;null;null;null;null
39730;2255017-BRI-78481   ;17;225/50R17 94Y Runflat * BRIDGESTONE RE050;BRIDGESTONE                             ;ESTIVO;SI;94                                      ;Y                                       ;VETTURA                                 ;0;0;0;232.000;0.000;0;0.000;0;null;null;null;null;null;null;null;null;null;null;null;null;null;null;null;S;null;null;78481;0;0;0;;;;null;null;null;null;null
39731;2255017-DUN-517328  ;17;225/50R17 94W Runflat *RSC DUNLOP SP SPORT 01;DUNLOP                                  ;ESTIVO;SI;94                                      ;W                                       ;VETTURA                                 ;0;0;0;194.500;120.100;42316;0.000;0;null;41047;null;null;135.15;null;42318;null;null;CENTROPNEUS SRL                         ;135.15;null;null;null;4804;S;null;null;517328;0;0;0;;;;null;null;null;null;null
39744;2453518-BRI-1953    ;18;245/35R18 88Y Runflat * BRIDGESTONE RE050A;BRIDGESTONE                             ;ESTIVO;SI;88                                      ;Y                                       ;VETTURA                                 ;0;0;0;298.000;114.750;43862;0.000;0;null;43207;null;null;142.51;null;43865;null;null;AD TYRES INTERNATIONAL FR               ;142.51;null;null;null;2644;S;null;null;1953;0;0;0;;;;null;null;null;null;null
39757;2454018-GOO-516812  ;18;245/40R18 93Y Runflat *RSC GOODYEAR EAGLE NCT5;GOODYEAR                                ;ESTIVO;SI;93                                      ;Y                                       ;VETTURA                                 ;0;0;0;228.500;131.580;42233;0.000;0;null;42237;null;null;null;null;null;null;null;null;null;null;null;null;3614;S;null;null;516812;0;0;0;;;;null;null;null;null;null
39760;2454018-PIR-1749200 ;18;245/40R18 93Y Runflat (e) PIRELLI P ZERO;PIRELLI                                 ;ESTIVO;SI;93                                      ;Y                                       ;VETTURA                                 ;0;0;0;318.500;188.100;41409;0.000;0;null;41417;null;null;null;null;null;null;null;null;null;null;null;null;4434;S;null;null;1749200;0;0;0;;;;null;null;null;null;null
39762;2454018-BRI-78402   ;18;245/40R18 93Y Runflat * BRIDGESTONE RE050A;BRIDGESTONE                             ;ESTIVO;SI;93                                      ;Y                                       ;VETTURA                                 ;0;0;0;270.400;175.121;40967;0.000;0;null;41369;null;null;null;null;null;null;null;null;null;null;null;null;4482;S;null;null;78402;0;0;0;;;;null;null;null;null;null
39767;2454018-PIR-1600200 ;18;245/40R18 93V Runflat (e) PIRELLI WINTER 240 SOTTOZERO;PIRELLI                                 ;INVERNALE;SI;93                                      ;V                                       ;VETTURA                                 ;0;0;0;417.500;205.000;41310;0.000;0;null;41984;null;null;139.99;null;42311;null;null;FASTELLINI PNEUMATICI S.N.C. DI         ;139.99;null;null;null;3867;S;null;null;1600200;0;0;0;;;;                                                                                ;null;null;null;null
39772;2454019-BRI-77926   ;19;245/40R19 94W Runflat * BRIDGESTONE RE050A;BRIDGESTONE                             ;ESTIVO;SI;94                                      ;W                                       ;VETTURA                                 ;0;0;0;356.700;0.000;0;0.000;0;null;null;null;null;null;null;null;null;null;null;null;null;null;null;null;S;null;null;77926;0;0;0;;;;null;null;null;null;null
39784;2454517-PIR-1749300 ;17;245/45R17 95Y Runflat (e) PIRELLI P ZERO;PIRELLI                                 ;ESTIVO;SI;95                                      ;Y                                       ;VETTURA                                 ;0;0;0;337.500;130.500;43368;0.000;0;null;43313;null;null;167.84;null;43217;null;null;SOARDI PNEUMATICI DI VITO ANTONIO       ;167.84;null;null;null;2538;S;null;null;1749300;0;0;0;;;;null;null;null;null;null
39788;2454517-BRI-78482   ;17;245/45R17 95Y Runflat * BRIDGESTONE RE050;BRIDGESTONE                             ;ESTIVO;SI;95                                      ;Y                                       ;VETTURA                                 ;0;0;0;258.500;106.570;43305;0.000;0;null;41362;null;null;117.57;null;43307;null;null;SAM GOMME SNC                           ;117.57;null;null;null;4489;S;null;null;78482;0;0;0;;;;MM5 DOT 2010 BG1GB2                                                             ;null;null;null;null
39791;2454517-PIR-1600300 ;17;245/45R17 95V Runflat PIRELLI WINTER 240 SOTTOZERO;PIRELLI                                 ;INVERNALE;SI;95                                      ;V                                       ;VETTURA                                 ;0;0;0;493.000;0.000;0;0.000;0;null;null;null;null;null;null;null;null;null;null;null;null;null;null;null;S;null;null;1600300;0;0;0;;;;null;null;null;null;null
39795;2454518-BRI-77170   ;18;245/45R18 96W Runflat BRIDGESTONE RE040;BRIDGESTONE                             ;ESTIVO;SI;96                                      ;W                                       ;VETTURA                                 ;0;0;0;275.000;156.600;41825;0.000;0;null;41831;null;null;null;null;null;null;null;null;null;null;null;null;4020;S;null;null;77170;0;0;0;;;;null;null;null;null;null
39805;2454520-PIR-1680900 ;20;245/45R20 99W Runflat (e) m+s PIRELLI SCORPION ZERO ASIMM.;PIRELLI                                 ;4 STAGIONI;SI;99                                      ;W                                       ;FUORISTRADA, SUV E 4X4                  ;0;0;0;702.000;0.000;0;0.000;0;null;null;null;null;null;null;null;null;null;null;null;null;null;null;null;S;null;null;1680900;0;0;0;;;;null;null;null;null;null
39822;2553518-PIR-1740200 ;18;255/35R18 90Y Runflat (e) PIRELLI P ZERO;PIRELLI                                 ;ESTIVO;SI;90                                      ;Y                                       ;VETTURA                                 ;0;0;0;395.000;88.000;44249;0.000;0;null;42216;null;null;99.30;null;44251;null;null;EUROIMPORT SRL                          ;99.30;null;null;null;3635;S;null;null;1740200;0;0;0;;;;null;null;null;null;null
39850;2555019-BRI-1347    ;19;255/50R19 107V XL Runflat * BRIDGESTONE DUELER H/P SPORT;BRIDGESTONE                             ;ESTIVO;SI;107                                     ;V                                       ;TRASPORTO LEGGERO                       ;0;0;0;351.000;190.000;41038;0.000;0;null;41046;null;null;null;null;null;null;null;null;null;null;null;null;4805;S;null;null;1347;0;0;0;;;;null;null;null;null;null
39851;2555019-BRI-1349    ;19;255/50R19 107W XL Runflat * BRIDGESTONE DUELER H/P SPORT;BRIDGESTONE                             ;ESTIVO;SI;107                                     ;W                                       ;FUORISTRADA, SUV E 4X4                  ;0;0;0;315.000;143.370;44646;0.000;0;null;44312;null;null;132.86;null;44650;null;null;NEUMATICOS SOLEDAD, S.L.                ;132.86;null;null;null;1539;G;null;null;1349;0;0;0;;;;null;null;null;null;154.97
39855;2555019-PIR-1763300 ;19;255/50R19 107V Runflat PIRELLI SCORPION ICE & SNOW;PIRELLI                                 ;INVERNALE;SI;107                                     ;V                                       ;FUORISTRADA, SUV E 4X4                  ;0;0;0;588.500;213.345;40966;0.000;0;null;41288;null;null;235.97;null;41193;null;null;ROBERTO EMANUELE CENTROGOMME SNC        ;235.97;null;null;null;4563;S;null;null;1763300;0;0;0;;;;                                                                                ;null;null;null;null
39863;2555518-BRI-1353    ;18;255/55R18 109H XL Runflat * BRIDGESTONE DUELER H/L 400;BRIDGESTONE                             ;ESTIVO;SI;109                                     ;H                                       ;FUORISTRADA, SUV E 4X4                  ;0;0;0;276.000;0.000;0;0.000;0;null;null;null;null;null;null;null;null;null;null;null;null;null;null;null;G;null;null;1353;0;0;0;;;;null;null;null;null;131.51
39866;2555518-MIC-503912  ;18;255/55R18 109H Runflat MICHELIN LATITUDE TOUR HP;MICHELIN                                ;ESTIVO;SI;109                                     ;H                                       ;FUORISTRADA, SUV E 4X4                  ;0;0;0;252.950;0.000;0;0.000;0;null;null;null;null;null;null;null;null;null;null;null;null;null;null;null;S;null;null;503912;0;0;0;;;;                                                                                ;null;null;null;null
39867;2555518-PIR-1763200 ;18;255/55R18 109H Runflat PIRELLI SCORPION ICE & SNOW;PIRELLI                                 ;INVERNALE;SI;109                                     ;H                                       ;FUORISTRADA, SUV E 4X4                  ;0;0;0;430.500;0.000;0;0.000;0;null;null;null;null;null;null;null;null;null;null;null;null;null;null;null;S;null;null;1763200;0;0;0;;;;                                                                                ;null;null;null;null
39882;2753519-BRI-77927   ;19;275/35R19 96W Runflat * BRIDGESTONE RE050A;BRIDGESTONE                             ;ESTIVO;SI;96                                      ;W                                       ;VETTURA                                 ;0;0;0;499.550;224.130;41738;0.000;0;null;41746;null;null;null;null;null;null;null;null;null;null;null;null;4105;S;null;null;77927;0;0;0;;;;null;null;null;null;null
39883;2753519-PIR-1685500 ;19;275/35R19 100V XL Runflat (e) PIRELLI WINTER 240 SOTTOZERO;PIRELLI                                 ;INVERNALE;SI;100                                     ;V                                       ;VETTURA                                 ;0;0;0;943.500;178.050;42306;0.000;0;null;41608;null;null;null;null;null;null;null;null;null;null;null;null;4243;S;null;null;1685500;0;0;0;;;;                                                                                ;null;null;null;null
39895;2754020-BRI-1351    ;20;275/40R20 106W XL Runflat * BRIDGESTONE DUELER H/P SPORT;BRIDGESTONE                             ;ESTIVO;SI;106                                     ;W                                       ;FUORISTRADA, SUV E 4X4                  ;0;0;0;322.000;150.920;44261;0.000;0;null;41849;null;null;176.79;null;44263;null;null;AUTOCAR RICAMBI SAS                     ;176.79;null;null;null;4002;G;null;null;1351;0;0;0;;;;null;15.       ;null;152,23;152.65
39912;2854519-BRI-1350    ;19;285/45R19 111W XL Runflat * BRIDGESTONE DUELER H/P SPORT;BRIDGESTONE                             ;ESTIVO;SI;111                                     ;W                                       ;FUORISTRADA, SUV E 4X4                  ;0;0;0;350.000;146.710;43527;0.000;0;null;42206;null;null;155.89;null;43587;null;null;AUTOCARROZZERIA MODERNA SRL             ;155.89;null;null;null;3645;G;null;null;1350;0;0;0;;;;null;20.       ;null;162,59;170.22
39914;2854519-PIR-1827900 ;19;285/45R19 111V Runflat PIRELLI SCORPION ICE & SNOW;PIRELLI                                 ;INVERNALE;SI;111                                     ;V                                       ;FUORISTRADA, SUV E 4X4                  ;0;0;0;764.000;0.000;0;0.000;0;null;null;null;null;null;null;null;null;null;null;null;null;null;null;null;S;null;null;1827900;0;0;0;;;;                                                                                ;null;null;null;null
39917;3153520-BRI-1352    ;20;315/35R20 110W XL Runflat * BRIDGESTONE DUELER H/P SPORT;BRIDGESTONE                             ;ESTIVO;SI;110                                     ;W                                       ;FUORISTRADA, SUV E 4X4                  ;0;0;0;514.000;219.710;44618;0.000;0;null;44312;null;null;222.76;null;44651;null;null;MARCHESINI GOMME SRL                    ;222.76;null;null;null;1539;S;null;null;1352;0;0;0;;;;null;null;null;null;null
39964;1108018-MIC-250151  ;18;110/80R18 58W MICHELIN MACADAM 100;MICHELIN                                ;ESTIVO;;58                                      ;W                                       ;MOTO                                    ;0;0;0;160.300;0.000;0;0.000;0;null;null;null;null;null;null;null;null;null;null;null;null;null;null;null;S;null;null;250151;0;0;0;;;;null;null;null;null;null
39966;1109012BOPPER       ;12;110/90R12 -- MICHELIN BOPPER;MICHELIN                                ;ESTIVO;;-                                       ;-                                       ;SCOOTER                                 ;0;0;0;0.000;23.768;40966;0.000;0;null;null;null;null;null;null;null;null;null;null;null;null;null;null;null;S;null;null;057191;0;0;0;;;;null;null;null;null;null
40414;1657514-MIC-110443  ;14;165/75R14 97R MICHELIN AGILIS 81;MICHELIN                                ;ESTIVO;;97                                      ;R                                       ;TRASPORTO LEGGERO                       ;0;0;0;121.000;61.838;40966;0.000;0;null;null;null;null;30.00;null;41677;null;null;SAM GOMME SNC                           ;30.00;null;null;null;null;S;null;null;110443;0;0;0;;;;null;null;null;null;null
40539;1756515-PIR-1390800 ;15;175/65R15 84T PIRELLI P4 CINT. K1;PIRELLI                                 ;ESTIVO;;84                                      ;T                                       ;VETTURA                                 ;0;0;0;110.500;47.990;41308;0.000;0;null;41311;null;null;null;null;null;null;null;null;null;null;null;null;4540;S;null;null;1390800;0;0;0;;;;null;null;null;null;null
40615;*1757516AGILISSNOI  ;16;175/75R16 101Q MICHELIN AGIL.SNOW ICE;MICHELIN                                ;INVERNALE;;101                                     ;Q                                       ;TRASPORTO LEGGERO                       ;0;0;0;186.100;20.000;40966;0.000;0;null;null;null;null;85.00;null;41232;null;null;COBIANCHI RENZO*****                    ;85.00;null;null;null;null;S;null;null;110910              ;0;0;0;;;;null;null;null;null;null
40789;1855515-DUN         ;15;185/60R15 84H DUNLOP SP SPORT 01;DUNLOP                                  ;ESTIVO;;84                                      ;H                                       ;VETTURA                                 ;0;0;0;131.500;48.300;42675;0.000;0;null;42429;null;null;63.64;null;42677;null;null;BOLLANI SNC di Rossi Maria Grazia e C.  ;63.64;null;null;null;3422;S;null;null;513020;0;0;0;;;;null;null;null;null;null
40823;1856514-PIR-0935200 ;14;185/65R14 86T PIRELLI P3000E;PIRELLI                                 ;ESTIVO;;86                                      ;T                                       ;VETTURA                                 ;0;0;0;118.500;32.330;41070;0.000;0;null;41410;null;null;null;null;null;null;null;null;null;null;null;null;4441;S;null;null;0935200;0;0;0;;;;                                                                                ;null;null;null;null
41013;1955015-CON-0350254 ;15;195/50R15 82V CONTINENTAL PREMIUMCONTACT 2;CONTINENTAL                             ;ESTIVO;;82                                      ;V                                       ;VETTURA                                 ;0;0;0;115.000;99.000;41868;0.000;0;null;41870;null;null;null;null;null;null;null;null;null;null;null;null;3981;S;null;null;0350254;0;0;0;;;;                                                                                ;null;null;null;null
41132;1956015-FIR-29459   ;15;195/60R15 88H FIRESTONE FH700FS;FIRESTONE                               ;ESTIVO;;88                                      ;H                                       ;VETTURA                                 ;0;0;0;0.000;46.000;41290;0.000;0;null;null;null;null;55.20;null;41388;null;null;MAGNANI PNEUMATICI SNC                  ;55.20;null;null;null;null;S;null;null;29459;0;0;0;;;;null;null;null;null;null
41215;1956515-CON-0351887 ;15;195/65R15 91T CONTINENTAL ContiEcoContact 3;CONTINENTAL                             ;ESTIVO;;91                                      ;T                                       ;VETTURA                                 ;0;0;0;117.500;0.000;0;0.000;0;null;null;null;null;null;null;null;null;null;null;null;null;null;null;null;S;null;null;0351887;0;0;0;;;;null;null;null;null;null
41244;1956515-GOO-3635    ;15;195/65R15 91V GOODYEAR HYDRAGRIP;GOODYEAR                                ;ESTIVO;;91                                      ;V                                       ;VETTURA                                 ;0;0;0;165.000;38.550;40966;0.000;0;null;41100;null;null;null;null;null;null;null;null;null;null;null;null;4751;S;null;null;3635;0;0;0;;;;null;null;null;null;null
41368;2054017-DUN-511570  ;17;205/40R17 80R MO DUNLOP SP SPORT 9000;DUNLOP                                  ;ESTIVO;;80                                      ;R                                       ;VETTURA                                 ;0;0;0;207.500;0.000;0;0.000;0;null;null;null;null;null;null;null;null;null;null;null;null;null;null;null;S;null;null;511570;0;0;0;;;;null;null;null;null;null
41469;2055515-DUN-505908  ;15;205/55R15 -Z DUNLOP SP SPORT 9000;DUNLOP                                  ;ESTIVO;;-                                       ;Z                                       ;VETTURA                                 ;0;0;0;222.000;0.000;0;0.000;0;null;null;null;null;null;null;null;null;null;null;null;null;null;null;null;S;null;null;505908;0;0;0;;;;null;null;null;null;null
41563;2055516-PIR-1624700 ;16;205/55R16 91V PIRELLI PZERO ROSSO;PIRELLI                                 ;ESTIVO;;91                                      ;V                                       ;VETTURA                                 ;0;0;0;161.000;0.000;0;0.000;0;null;null;null;null;null;null;null;null;null;null;null;null;null;null;null;S;null;null;1624700;0;0;0;;;;.                                                                               ;null;null;null;null
41634;2056016-CON-0350261 ;16;205/60R16 92V MO CONTINENTAL ContiPremiumContact 2;CONTINENTAL                             ;ESTIVO;;92                                      ;V                                       ;VETTURA                                 ;0;0;0;180.000;61.040;44229;0.000;0;null;44259;null;null;81.24;null;44652;null;null;KONRAD STEINBEIßER                      ;81.24;null;null;null;1592;S;null;null;0350261;0;0;0;;;;null;null;null;null;null
41741;*20H                ;20;CAM.*7.00R20 V 577 20H MICHELIN ;MICHELIN                                ;ESTIVO;;null;null;CAMERE AUTOCARRO                        ;0;0;0;82.000;null;0;0.000;0;null;null;null;null;null;null;null;null;null;null;null;null;null;null;null;S;null;null;101099              ;null;null;null;null;null;null;.                                                                               ;null;null;null;null
41743;*20RT               ;20;CAM. 14.5R20 20RT MICHELIN ;MICHELIN                                ;ESTIVO;;null;null;CAMERE AUTOCARRO                        ;0;0;0;59.500;null;0;0.000;0;null;null;null;null;null;null;null;null;null;null;null;null;null;null;null;S;null;null;101209              ;null;null;null;null;null;null;.                                                                               ;null;null;null;null
41753;2154017-MIC-719599  ;17;215/40R17 83W MICHELIN PILOT EXALTO PE2;MICHELIN                                ;ESTIVO;;83                                      ;W                                       ;VETTURA                                 ;0;0;0;180.490;0.000;0;0.000;0;null;null;null;null;null;null;null;null;null;null;null;null;null;null;null;S;null;null;719599;0;0;0;;;;                                                                                ;null;null;null;null
41764;2154517-BRI-78261   ;17;215/45R17 87W BRIDGESTONE POTENZA RE050A;BRIDGESTONE                             ;ESTIVO;;87                                      ;W                                       ;VETTURA                                 ;0;0;0;199.000;0.000;0;0.000;0;null;null;null;null;null;null;null;null;null;null;null;null;null;null;null;S;null;null;78261;0;0;0;;;;                                                                                ;null;null;null;null
41796;2155516-CON-0350074 ;16;215/55R16 93H CONTINENTAL ContiPremiumContact 2;CONTINENTAL                             ;ESTIVO;;93                                      ;H                                       ;VETTURA                                 ;0;0;0;182.500;72.810;43633;0.000;0;null;43636;null;null;88.26;null;43201;null;null;AUTOFFICINA SCALERANDI S.N.C DI         ;88.26;null;null;null;2215;S;null;null;0350074;0;0;0;;;;null;null;null;null;null
41921;*21ABR              ;21;CAM.*21 ABR1466 MICHELIN ;MICHELIN                                ;ESTIVO;;null;null;CAMERA MOTO                             ;0;0;0;0.000;null;0;0.000;0;null;null;null;null;null;null;null;null;null;null;null;null;null;null;null;S;null;null;125609              ;null;null;null;null;null;null;.                                                                               ;null;null;null;null
41935;2254018-CON-0353029 ;18;225/40R18 92V XL * CONTINENTAL ContiWinterContact TS 810 S;CONTINENTAL                             ;INVERNALE;;92                                      ;V                                       ;VETTURA                                 ;0;0;0;244.000;0.000;0;0.000;0;null;null;null;null;null;null;null;null;null;null;null;null;null;null;null;S;null;null;0353029;0;0;0;;;;null;null;null;null;null
42420;2554517-PIR-0890300 ;17;255/45R17 98Y (F) lbl PIRELLI PZERO ASIMMETRICO;PIRELLI                                 ;ESTIVO;;98                                      ;Y                                       ;VETTURA                                 ;0;0;0;654.500;0.000;0;0.000;0;null;null;null;null;null;null;null;null;null;null;null;null;null;null;null;S;null;null;0890300;0;0;0;;;;null;null;null;null;null
42531;27521-MIC-057231    ;21;2/75R21 45L MICHELIN TIAL COMPETITION;MICHELIN                                ;ESTIVO;;45                                      ;L                                       ;MOTO                                    ;0;0;0;82.730;0.000;0;0.000;0;null;null;null;null;null;null;null;null;null;null;null;null;null;null;null;S;null;null;057231;0;0;0;;;;null;null;null;null;null
42532;2753020-PIR-1417100 ;20;275/30R20 97Y PIRELLI PZERO NERO;PIRELLI                                 ;ESTIVO;;97                                      ;Y                                       ;VETTURA                                 ;0;0;0;767.000;260.470;41149;0.000;0;null;41152;null;null;null;null;null;null;null;null;null;null;null;null;4699;S;null;null;1417100;0;0;0;;;;null;null;null;null;null
42549;2754519-GOO-561570  ;19;275/45R19 108V XL N0 M+S GOODYEAR EAGLE LS2;GOODYEAR                                ;ESTIVO;;108                                     ;V                                       ;FUORISTRADA, SUV E 4X4                  ;0;0;0;230.500;126.840;43592;0.000;0;null;null;null;null;141.13;null;43594;null;null;B.R. PNEUMATICI SPA                     ;141.13;null;null;null;null;S;null;null;561570;0;0;0;;;;null;null;null;null;null
42578;2853020-PIR-1906000 ;20;285/30R20 99Y XL (J) (XK) PIRELLI P ZERO;PIRELLI                                 ;ESTIVO;;99                                      ;Y                                       ;VETTURA                                 ;0;0;0;498.000;0.000;0;0.000;0;null;null;null;null;null;null;null;null;null;null;null;null;null;null;null;G;null;null;1906000;0;0;0;;;;null;null;null;null;null
42623;3053520-PIR-1690800 ;20;305/35R20 104V PIRELLI WINTER 240 SOTTOZERO;PIRELLI                                 ;INVERNALE;;104                                     ;V                                       ;VETTURA                                 ;0;0;0;755.000;465.310;42770;0.000;0;null;null;null;null;502.80;null;42772;null;null;GI.CAR DI SCIMONE SALVATORE             ;502.80;null;null;null;null;G;null;null;1690800;0;0;0;;;;null;null;null;null;548.73
42626;30570195-RE-110688  ;195;305/70R195 MICHELIN REMIX XDE 2;MICHELIN REMIX                          ;ESTIVO;;null;null;REMIX                                   ;0;0;0;429.000;null;0;0.000;0;null;null;null;null;null;null;null;null;null;null;null;null;null;null;null;G;null;null;110688;null;null;null;null;null;null;.                                                                               ;null;null;null;null
42698;38565225XFA1+       ;225;385/65R22.5 XFA1+TL 158L MICHELIN ;MICHELIN                                ;ESTIVO;;-                                       ;-                                       ;AUTOCARRO                               ;0;0;0;560.000;415.000;40966;0.000;0;null;null;null;null;445.00;null;41382;null;null;E. TANSINI GOMME SRL                    ;445.00;null;null;null;null;S;null;null;670274;0;0;0;;;;.                                                                               ;null;null;null;null
42846;1075153-EUR-041801  ;15,3;10/75R15,3 EUROGRIP IM117 TL PR12;EUROGRIP                                ;ESTIVO;;null;null;ATV (QUAD)                              ;0;0;0;56.500;null;0;0.000;0;null;null;null;null;null;null;null;null;null;null;null;null;null;null;null;G;null;null;041801;null;null;null;null;null;null;TL                                                                              ;null;null;null;null
42848;1075153-EUR-041450  ;15,3;10/75R15,3 EUROGRIP IM18 TL PR10;EUROGRIP                                ;ESTIVO;;null;null;ATV (QUAD)                              ;0;0;0;51.500;null;0;0.000;0;null;null;null;null;null;null;null;null;null;null;null;null;null;null;null;G;null;null;041450;null;null;null;null;null;null;TL                                                                              ;null;null;null;null
42849;1075153-EUR-041800  ;15,3;10/75R15,3 EUROGRIP IM18 TL PR12;EUROGRIP                                ;ESTIVO;;null;null;ATV (QUAD)                              ;0;0;0;56.500;null;0;0.000;0;null;null;null;null;null;null;null;null;null;null;null;null;null;null;null;G;null;null;041800;null;null;null;null;null;null;TL                                                                              ;null;null;null;null
42850;1075153-EUR-041850  ;15,3;10/75R15,3 EUROGRIP IM18 TL PR14;EUROGRIP                                ;ESTIVO;;null;null;ATV (QUAD)                              ;0;0;0;60.500;null;0;0.000;0;null;null;null;null;null;null;null;null;null;null;null;null;null;null;null;G;null;null;041850;null;null;null;null;null;null;TL                                                                              ;null;null;null;null
42851;1075153-EUR-042100  ;15,3;10/75R15,3 EUROGRIP IM18 TL PR18;EUROGRIP                                ;ESTIVO;;null;null;ATV (QUAD)                              ;0;0;0;72.500;null;0;0.000;0;null;null;null;null;null;null;null;null;null;null;null;null;null;null;null;G;null;null;042100;null;null;null;null;null;null;TL                                                                              ;null;null;null;null
42856;1008010-PIR-17120801;10;100/80-10 SL38 PIRELLI 53 L;PIRELLI                                 ;ESTIVO;;53                                      ;L                                       ;SCOOTER                                 ;0;0;0;0.000;16.200;41142;0.000;0;null;41250;null;null;null;null;null;null;null;null;null;null;null;null;4601;S;null;null;171208015;0;0;0;;;;.                                                                               ;null;null;null;null
42857;1008010-MIC-630609  ;10;100/80R10 53L MICHELIN SM100;MICHELIN                                ;ESTIVO;;53                                      ;L                                       ;SCOOTER                                 ;0;0;0;33.000;0.000;0;0.000;0;null;null;null;null;null;null;null;null;null;null;null;null;null;null;null;S;null;null;630609;0;0;0;;;;null;null;null;null;null
42864;1008016-MIC-393718  ;16;100/80R16 50P MICHELIN PILOT SPORT;MICHELIN                                ;ESTIVO;;50                                      ;P                                       ;MOTO                                    ;0;0;0;41.800;22.780;41813;0.000;0;null;41815;null;null;null;null;null;null;null;null;null;null;null;null;4036;S;null;null;393718;0;0;0;;;;null;null;null;null;null
42877;1009010-MIC-104696  ;10;100/90-10 56J MICHELIN S83;MICHELIN                                ;ESTIVO;;56                                      ;J                                       ;SCOOTER                                 ;0;0;0;42.200;0.000;0;0.000;0;null;null;null;null;null;null;null;null;null;null;null;null;null;null;null;G;null;null;104696;0;0;0;;;;null;20.       ;null;26,47;21.69
42933;1056516-EUR-044870  ;16;10.5/65R16 EUROGRIP IM18 TL PR14;EUROGRIP                                ;ESTIVO;;null;null;ATV (QUAD)                              ;0;0;0;78.120;null;0;0.000;0;null;null;null;null;null;null;null;null;null;null;null;null;null;null;null;G;null;null;044870;null;null;null;null;null;null;TL                                                                              ;null;null;null;null
42990;1108014-VEE-SP103T  ;14;110/80-14 59J VEE RUBBER VRM144;VEE RUBBER                              ;ESTIVO;;59                                      ;J                                       ;SCOOTER                                 ;1;1;0;48.520;23.050;45609;0.000;0;null;45489;null;1;45.85;null;45653;null;3;INREIFEN T.K. GMBH                      ;45.85;null;null;null;362;G;37.53;30.16;SP103T;0;0;0;;;;null;5.        ;13,04;24,49;23.04
