IdDeposito;D_IdVeicolo;D_IdUtilizzatore;D_IdAnagrafica;D_IdSchedaLavoro;Quantita;Misura;Modello;Km;Ant_mm;Post_mm;Invernali;Estive;Complete;AllSeason;Prenotazione;AnnoPrenotazione;Note;Data;Probabile_Nostre;Pdv;D_Targa;Appuntamento_Data;Appuntamento;Ora;Pdv_Appuntamento;Fila;DataRinnovo;Posizione;Rimontate;Data_Rimontate;No_Deposito;Nostre;Inviato;Data_Email;D_InseritoData;Inventariato;Note_Inventario;D_ModificatoData;Aggiunta;D_Stato;IdRinnovo;D_ArtCodice;D_ArtCodicePost;D_CarVel;D_CarVelPost;D_MisuraPost;D_Quantita_Post;D_Modello_Post;D_QtaTotale;D_MisuraComplessiva;D_ModelloComplessivo;Chiusura;Telefonata;D_ModificatoPdv;D_ModificatoNome;D_InseritoPdv;D_InseritoNome;D_DataRitiro;D_TipiInvioEmail;D_ListaInvioUltimoInvio;D_DotAnt;D_DotPost;DaPagare;D_Deposito;D_Estive_Invernali_Finite;D_Porta_Via;D_FiniteConserva;D_Firmato_FM;D_NotizieCliente;StatoCerchiQta;StatoCerchiNote;DaRigenerare;NoteInvioSmsEmail;D_TipoDepositoR1;D_TipoDepositoR2;D_DataInventario;CaricatePerMagazzino;DataCaricatePerMagazzino;DataRimandato;D_FirmatoRitiro_FM;D_InvioEmailDeposito;D_InvioEmailPortaVia;D_InvioEmailSmaltimento;D_TipoAppuntamento;Dalle;Alle;D_NotizieClienteDett
251693;220818;null;155058;541247;4;2155518;XL 4SEASONS  GT RADIAL M+S;26443;0;null;False;False;null;True;null;null;null;17/06/2025 00:00:00;null;BG2;GM931MX;null;null;null;null;False;null;null;null;null;null;False;null;null;17/06/2025 18:11:57;False;CHIUSO;17/06/2025 18:12:40;null;C;null;2155518-GTR-10881121;;99V;null;null;null;null;0;;;0x000000004E0E9922;null;BG2;Bg2_Ponte3;BG2;Bg2_Ponte3;null;null;null;null;null;null;null;null;null;null;NO;False;null;null;False;null;SMALTITE;null;null;False;null;null;XX;null;null;17/06/2025;null;null;null;null
251692;220619;null;154906;541240;2;1756514;XL EcoContact 6  CONTINENTAL EVc;59642;2;null;False;True;null;False;null;null;null;17/06/2025 00:00:00;null;BG4;FJ976YL;null;null;null;null;False;null;null;null;null;null;False;null;null;17/06/2025 17:39:29;False;CHIUSO;17/06/2025 17:40:10;null;C;null;1756514-CON-0311248;;86T;null;null;null;null;0;;;0x000000004E0E95EF;null;BG4;AndreaMonari;BG4;AndreaMonari;null;null;null;null;null;null;null;null;null;null;NO;False;null;null;False;null;SMALTITE;null;null;False;null;null;XX;null;null;null;null;null;null;null
251691;91284;null;39165;541225;4;2055516;CINTURATO WINTER 2  PIRELLI;190000;1,5;null;True;False;null;False;null;null;null;17/06/2025 00:00:00;null;BG3;FH469NP;null;null;null;null;False;null;null;null;null;null;False;null;null;17/06/2025 17:36:25;False;CHIUSO;17/06/2025 17:36:34;null;C;null;2055516-PIR-3931100;;91H;null;null;null;null;0;;;0x000000004E0E9668;null;BG3;Bg3_Ponte1;BG3;Bg3_Ponte1;null;null;null;null;null;null;null;null;null;null;NO;False;null;null;False;null;SMALTITE;null;null;False;null;null;XX;null;null;17/06/2025;null;null;null;null
251690;200481;null;26062;541237;2;2156517;PRIMACY 4  MICHELIN MO;18617;0;null;null;True;null;null;null;null;null;17/06/2025 00:00:00;null;BG1;GV948ZG;null;null;null;null;False;null;null;null;null;null;False;null;null;17/06/2025 17:36:07;False;CHIUSO;17/06/2025 17:36:11;null;C;null;2156517-MIC-421991;null;99V;null;null;null;null;0;;;0x000000004E0E9563;null;BG1;BG1_Ponte1;BG1;BG1_Ponte1;null;null;null;null;null;null;null;null;null;null;NO;False;null;null;False;null;SMALTITE;null;null;False;null;null;XX;null;null;null;null;null;null;null
251689;205575;null;92759;541232;4;1956515;XL POWERGY WINTER  PIRELLI;10400;5;null;True;False;null;False;null;null;null;17/06/2025 00:00:00;null;BG3;GR568LZ;null;null;null;null;False;null;null;null;null;null;False;null;null;17/06/2025 17:26:16;False;null;17/06/2025 17:26:27;null;A;null;1956515-PIR-4565900;;95H;null;null;null;null;4;1956515;XL POWERGY WINTER  PIRELLI;0x000000004E0E946F;null;BG3;Bg3_Ponte1;BG3;Bg3_Ponte1;null;null;null;null;null;null;null;null;null;null;NO;False;null;null;False;null;DEPOSITO;null;null;False;null;null;XX;null;null;null;null;null;null;null
251688;155512;null;43503;541231;4;2355517;XL SCORPION WINTER  PIRELLI;251978;0;null;True;False;null;False;null;null;null;17/06/2025 00:00:00;null;BG2;FG738YA;null;null;null;null;False;null;null;null;null;null;False;null;null;17/06/2025 17:24:36;False;CHIUSO;17/06/2025 17:25:00;null;C;null;2355517-PIR-2267200;;103V;null;null;null;null;0;;;0x000000004E0E94CE;null;BG2;Bg2_Ponte3;BG2;Bg2_Ponte3;null;null;null;null;null;null;null;null;null;null;NO;False;null;null;False;null;SMALTITE;null;null;False;null;null;XX;null;null;17/06/2025;null;null;null;null
251687;122340;null;176;541228;4;2255018;XL CELSIUS AS2  TOYO;196794;1;null;False;False;null;True;null;null;null;17/06/2025 00:00:00;null;BG6;GC303KA;null;null;null;null;False;null;null;null;null;null;False;null;null;17/06/2025 17:16:58;False;CHIUSO;17/06/2025 17:17:19;null;C;null;2255018-TOY-3859300;;99W;null;null;null;null;0;;;0x000000004E0E935D;null;BG6;Bg6_Officina1;BG6;Bg6_Officina1;null;null;null;null;null;null;null;null;null;null;NO;False;null;null;False;null;SMALTITE;null;null;False;null;null;XX;null;null;null;null;null;null;null
251686;159035;null;110479;541227;4;1756515;ENERGY SAVER  MICHELIN *;98786;2;null;False;True;null;False;null;null;null;17/06/2025 00:00:00;null;BG7;FM892FA;null;null;null;null;False;null;null;null;null;null;False;null;null;17/06/2025 17:14:46;False;CHIUSO;17/06/2025 17:15:17;null;C;null;1756515-MIC-817598;;84H;null;null;null;null;0;;;0x000000004E0E9303;null;BG7;Bg7_Officina;BG7;Bg7_Officina;null;null;null;null;null;null;null;null;null;null;NO;False;null;null;False;null;SMALTITE;null;null;False;null;null;XX;null;null;null;null;null;null;null
251685;220747;null;88109;541221;4;null;EFFICENT GRIP CARGO;46625;1;null;null;False;null;True;null;null;null;17/06/2025 00:00:00;null;BG5;GG476XF;null;null;null;null;False;null;null;null;null;null;False;null;null;17/06/2025 17:06:10;False;CHIUSO;17/06/2025 17:07:04;null;C;null;2156516-GOODYEAR;;null;null;null;null;null;null;null;null;0x000000004E0E9204;null;BG5;Bg5_Officina1;BG5;Bg5_Officina1;null;null;null;1321;null;null;null;null;null;null;NO;False;null;null;False;null;SMALTITE;null;null;False;null;null;XX;null;null;null;null;null;null;null
251684;89005;null;1476;541216;4;2256516;AGILIS +  MICHELIN;252647;1;null;False;True;null;False;null;null;null;17/06/2025 00:00:00;null;BG1;FV472BW;null;null;null;null;False;null;null;null;null;null;False;null;null;17/06/2025 16:42:16;False;CHIUSO;17/06/2025 16:42:35;null;C;null;2256516-MIC-736765;;112/110R;null;null;null;null;0;;;0x000000004E0E9014;null;BG1;BG1_Ponte1;BG1;BG1_Ponte1;null;null;null;null;null;null;null;null;null;null;NO;False;null;null;False;null;SMALTITE;null;null;False;null;null;XX;null;null;null;null;null;null;null
251683;153292;null;106806;541215;4;2354519;XL PILOT ALPIN 5  MICHELIN;95079;1;null;True;False;null;False;null;null;null;17/06/2025 00:00:00;null;BG6;GK968SB;null;null;null;null;False;null;null;null;null;null;False;null;null;17/06/2025 16:40:21;False;CHIUSO;17/06/2025 16:40:59;null;C;null;2354519-MIC-841313;;99V;null;null;null;null;0;;;0x000000004E0E9225;null;BG6;Bg6_Officina1;BG6;Bg6_Officina1;null;null;null;null;null;null;null;null;null;null;SI;False;null;null;False;null;SMALTITE;null;null;False;null;null;XX;null;null;17/06/2025;null;null;null;null
251682;136770;null;95008;541017;2;2254517;CINTURATO P7  PIRELLI (KS);98000;4;null;False;True;null;False;null;null;null;17/06/2025 00:00:00;null;BG3;FE421ZE;null;null;null;null;False;null;null;null;null;null;False;null;null;17/06/2025 16:16:22;False;null;17/06/2025 16:16:33;null;A;null;2254517-PIR-3782900;;91Y;null;null;null;null;2;2254517;CINTURATO P7  PIRELLI (KS);0x000000004E0E8D40;null;BG3;Bg3_Ponte1;BG3;Bg3_Ponte1;null;null;null;null;null;null;null;null;null;null;NO;False;null;null;False;null;DEPOSITO;null;null;False;null;null;XX;null;null;null;null;null;null;null
251681;204584;null;143107;541211;4;2157015;VANCONTACT WINTER  CONTINENTAL EVc;22166;6;null;True;False;null;False;null;null;null;17/06/2025 00:00:00;null;BG7;GS844YT;null;null;null;null;False;null;null;null;null;null;False;null;null;17/06/2025 16:14:28;False;null;17/06/2025 16:15:18;null;A;null;2157015-CON-0453130;;109R;null;null;null;null;4;2157015;VANCONTACT WINTER  CONTINENTAL EVc;0x000000004E0E8D16;null;BG7;Bg7_Officina;BG7;Bg7_Officina;null;null;null;null;null;null;null;null;null;null;NO;False;null;null;False;null;DEPOSITO;null;null;False;null;null;XX;null;null;null;null;null;null;null
251680;204157;null;16919;541209;4;1955516;XL GOWIN UHP  FORTUNA;17039;5;null;True;False;null;False;null;null;null;17/06/2025 00:00:00;null;BG2;GS456MK;null;null;null;null;False;null;null;null;null;null;False;null;null;17/06/2025 16:09:17;False;null;17/06/2025 16:10:44;null;A;null;1955516-FO1-FP049860;;91V;null;null;null;null;4;1955516;XL GOWIN UHP  FORTUNA;0x000000004E0E8E1E;null;BG2;Bg2_Ponte3;BG2;Bg2_Ponte3;null;null;null;null;null;null;null;null;null;null;NO;False;null;null;False;null;DEPOSITO;null;null;False;null;null;XX;17/06/2025;null;null;null;null;null;null
251679;198507;null;28017;528308;2;2355518;XL EcoContact 6  CONTINENTAL EVc;82000;0;null;null;True;null;null;null;null;null;17/06/2025 00:00:00;null;BG3;GV500ZH;null;null;null;null;False;null;null;null;null;null;False;null;null;17/06/2025 15:53:50;False;CHIUSO;17/06/2025 15:54:11;null;C;null;2355518-CON-0358434;null;104V;null;null;null;null;0;;;0x000000004E0E8AE7;null;BG3;Bg3_Ponte1;BG3;Bg3_Ponte1;null;null;null;null;null;null;null;null;null;null;NO;False;null;null;False;null;SMALTITE;null;null;False;null;null;XX;null;null;null;null;null;null;null
251678;219990;null;100048;541203;4;null;null;88500;1;null;True;null;null;null;null;null;null;17/06/2025 00:00:00;null;BG3;FW571LZ;null;null;null;null;False;null;null;null;null;null;False;null;null;17/06/2025 15:53:20;False;CHIUSO;17/06/2025 15:53:30;null;C;null;2157516-WATER;null;null;null;null;null;null;null;null;null;0x000000004E0E8AD6;null;BG3;Bg3_Ponte1;BG3;Bg3_Ponte1;null;null;null;0623;null;null;null;null;null;null;NO;False;null;null;False;null;SMALTITE;null;null;False;null;null;XX;null;null;null;null;null;null;null
251677;97924;null;154964;541196;2;1955515;MULTISEASON  FIRESTONE;200600;1;null;False;False;null;True;null;null;null;17/06/2025 00:00:00;null;BG6;CP290MD;null;null;null;null;False;null;null;null;null;null;False;null;null;17/06/2025 15:39:42;False;CHIUSO;17/06/2025 15:40:40;null;C;null;1955515-FIR-7978;;85H;null;null;null;null;0;;;0x000000004E0E8B92;null;BG6;Bg6_Officina1;BG6;Bg6_Officina1;null;null;null;1319;null;null;null;null;null;null;SI;False;null;null;False;null;SMALTITE;null;null;False;null;null;XX;null;null;null;null;null;null;null
251676;220787;null;155034;541195;4;2255518;XL EcoContact 6  CONTINENTAL AO|EVc;36418;1;null;False;True;null;False;null;null;null;17/06/2025 00:00:00;null;BG1;GW252BB;null;null;null;null;False;null;null;null;null;null;False;null;null;17/06/2025 15:35:06;False;CHIUSO;17/06/2025 15:35:44;null;C;null;2255518-CON-0358886;;102Y;null;null;null;null;0;;;0x000000004E0E8994;null;BG1;BG1_Ponte1;BG1;BG1_Ponte1;null;null;null;null;null;null;null;null;null;null;NO;False;null;null;False;null;SMALTITE;null;null;False;null;null;XX;null;null;null;null;null;null;null
251675;181402;null;1972;541192;4;2056016;XL ESKIMO HP 2  SAVA;30000;6;null;True;False;null;False;null;null;null;17/06/2025 00:00:00;null;BG4;GP820SY;null;null;null;null;False;null;null;null;null;null;False;null;null;17/06/2025 15:24:13;False;null;17/06/2025 15:25:07;null;A;null;2056016-SAV-531967;;96H;null;null;null;null;4;2056016;XL ESKIMO HP 2  SAVA;0x000000004E0E9648;null;BG4;Bg4_Ponte1;BG4;Bg4_Ponte1;null;null;null;null;null;null;null;null;null;null;NO;False;null;null;False;null;DEPOSITO;null;null;True;17/06/2025 17:46:57;null;XX;null;null;null;null;null;null;null
251674;98558;null;69212;541187;4;1756515;V903  YOKOHAMA;88100;2;null;True;False;True;False;null;null;null;17/06/2025 00:00:00;null;BG6;FR194GR;null;null;null;null;False;null;null;null;null;null;False;null;null;17/06/2025 15:07:39;False;CHIUSO;17/06/2025 15:08:22;null;C;null;1756515-YOK-08640051;;84T;null;null;null;null;0;;;0x000000004E0E869F;null;BG6;Bg6_Officina1;BG6;Bg6_Officina1;null;null;null;1018;null;null;null;null;null;null;NO;False;null;null;False;null;PORTA VIA FINITE;null;null;False;null;null;XX;null;null;null;null;null;null;null
251673;212423;null;148351;541186;1;2156517;XL CELSIUS  TOYO;163380;8;null;False;False;null;True;null;null;null;17/06/2025 00:00:00;null;BG7;FK473RZ;null;null;null;null;False;null;null;null;null;null;False;null;null;17/06/2025 15:04:11;False;CHIUSO;17/06/2025 15:05:29;null;C;null;2156517-TOY-3806900;;99V;null;null;null;null;0;;;0x000000004E0E8647;null;BG7;Bg7_Officina;BG7;Bg7_Officina;null;null;null;null;null;null;null;null;null;null;NO;False;null;null;False;null;SMALTITE;null;null;False;null;null;XX;null;null;null;null;null;null;null
251672;220780;null;155027;541185;2;null;TRANPAT;300734;1;null;null;True;null;null;null;null;null;17/06/2025 00:00:00;null;BG5;DK202WN;null;null;null;null;False;null;null;null;null;null;False;null;null;17/06/2025 14:54:29;False;CHIUSO;17/06/2025 14:55:14;null;C;null;1956015-TOYO;;null;null;null;null;null;null;null;null;0x000000004E0E8576;null;BG5;Bg5_Officina1;BG5;Bg5_Officina1;null;null;null;2016;null;null;null;null;null;null;NO;False;null;null;False;null;SMALTITE;null;null;False;null;null;XX;null;null;null;null;null;null;null
251671;98941;null;70011;541183;4;1856515;XL WinterContact TS 870  CONTINENTAL EVc;87000;5;null;True;False;null;False;null;null;null;17/06/2025 00:00:00;null;BG3;EV981TC;null;null;null;null;False;null;null;null;null;null;False;null;null;17/06/2025 14:44:43;False;null;17/06/2025 14:45:17;null;A;null;1856515-CON-0355459;;92T;null;null;null;null;4;1856515;XL WinterContact TS 870  CONTINENTAL EVc;0x000000004E0E8A0D;null;BG3;Bg3_Ponte1;BG3;Bg3_Ponte1;null;null;null;null;null;null;null;null;null;null;NO;False;null;null;False;null;DEPOSITO;null;null;True;17/06/2025 15:43:12;null;XX;17/06/2025;null;null;null;null;null;null
251670;145737;null;3414;541177;4;2156516;CARRIER  PIRELLI;142701;1;null;False;True;null;False;null;null;null;17/06/2025 00:00:00;null;BG5;GF933ES;null;null;null;null;False;null;null;null;null;null;False;null;null;17/06/2025 14:37:13;False;CHIUSO;17/06/2025 14:38:34;null;C;null;2156516-PIR-4347300;;109T;null;null;null;null;0;;;0x000000004E0E840A;null;BG5;Bg5_Officina1;BG5;Bg5_Officina1;null;null;null;0523;null;null;null;null;null;null;NO;False;null;null;False;null;SMALTITE;null;null;False;null;null;XX;null;null;null;null;null;null;null
251664;139801;null;99104;541180;2;2255017;XL MULTICONTROL  FULDA M+S;139100;2;null;False;False;null;True;null;null;null;17/06/2025 00:00:00;null;BG3;FP775CK;null;null;null;null;False;null;null;null;null;null;False;null;null;17/06/2025 14:36:48;False;CHIUSO;17/06/2025 14:37:52;null;C;null;2255017-FUL-545655;;98V;null;null;null;null;0;;;0x000000004E0E83B9;null;BG3;Bg3_Ponte1;BG3;Bg3_Ponte1;null;null;null;null;null;null;null;null;null;null;NO;False;null;null;False;null;SMALTITE;null;null;False;null;null;XX;null;null;null;null;null;null;null
251663;70873;null;19426;541178;4;2055516;OB944  TOYO;200190;1;null;True;False;null;False;null;null;null;17/06/2025 00:00:00;null;BG1;FM677EA;null;null;null;null;False;null;null;null;null;null;False;null;null;17/06/2025 14:35:43;False;CHIUSO;17/06/2025 14:35:53;null;C;null;2055516-TOY-3854400;;91H;null;null;null;null;0;;;0x000000004E0E841A;null;BG1;BG1_Ponte1;BG1;BG1_Ponte1;null;null;null;null;null;null;null;null;null;null;NO;False;null;null;False;null;SMALTITE;null;null;False;null;null;XX;null;null;17/06/2025;null;null;null;null
251662;220599;null;154893;541173;2;null;null;49366;1;null;null;True;null;null;null;null;null;17/06/2025 00:00:00;null;BG5;FG202EM;null;null;null;null;False;null;null;null;null;null;False;null;null;17/06/2025 14:07:41;False;CHIUSO;17/06/2025 14:33:27;null;C;null;1656014-MARSHAL;;null;null;null;null;null;null;null;null;0x000000004E0E82E1;null;BG5;Bg5_Officina1;BG5;Bg5_Officina1;null;null;null;null;null;null;null;null;null;null;NO;False;null;null;False;null;SMALTITE;null;null;False;null;null;XX;null;null;null;null;null;null;null
251661;220412;null;154771;541168;4;1756514;XL LH71 G FIT 4S  LAUFENN M+S;83300;0;null;False;False;null;True;null;null;null;17/06/2025 00:00:00;null;BG3;FK891RZ;null;null;null;null;False;null;null;null;null;null;False;null;null;17/06/2025 12:51:36;False;CHIUSO;17/06/2025 12:52:00;null;C;null;1756514-LAU-1027697;;86H;null;null;null;null;0;;;0x000000004E0E7EC1;null;BG3;Bg3_Ponte1;BG3;Bg3_Ponte1;null;null;null;null;null;null;null;null;null;null;NO;False;null;null;False;null;SMALTITE;null;null;False;null;null;XX;null;null;null;null;null;null;null
251660;99725;null;68591;541155;2;2055516;CINTURATO WINTER 2  PIRELLI;211504;5;1;True;False;null;False;null;null;null;17/06/2025 00:00:00;null;BG5;FK608SB;null;null;null;null;False;null;null;null;null;null;False;null;null;17/06/2025 11:57:02;False;null;17/06/2025 11:59:26;null;A;null;2055516-PIR-3931100;2055516-PIR-3931100;91H;91H;2055516;2;CINTURATO WINTER 2  PIRELLI;2;2055516;CINTURATO WINTER 2  PIRELLI;0x000000004E0E7C5A;null;BG5;Bg5_Officina1;BG5;Bg5_Officina1;null;null;null;3222;2319;null;null;null;null;null;NO;False;null;null;False;null;DEPOSITO;SMALTITE;null;False;null;null;XX;null;null;null;null;null;null;null
251659;192001;null;132730;540993;4;2055516;XL KRISTALL CONTROL HP 2  FULDA;44000;3;null;True;False;null;False;null;null;null;17/06/2025 00:00:00;null;BG4;GR061RV-CCER665;null;null;null;null;False;null;null;null;null;null;False;null;null;17/06/2025 11:50:28;False;CHIUSO;17/06/2025 11:52:24;null;C;null;2055516-FUL-531959;;94V;null;null;null;null;0;;;0x000000004E0E7C2F;null;BG4;eugeniosanese;BG4;eugeniosanese;null;null;null;null;null;null;null;null;null;null;NO;False;null;null;False;null;PORTA VIA;null;null;False;null;null;XX;null;null;null;null;null;null;null
251658;165721;null;115581;541157;4;1955015;WINTEREXPERT  UNIROYAL EVc;149773;6;null;True;False;null;False;null;null;null;17/06/2025 00:00:00;null;BG7;EL728KW;null;null;null;null;False;null;null;null;null;null;False;null;null;17/06/2025 11:45:42;False;CHIUSO;17/06/2025 11:46:25;null;C;null;1955015-UNI-UO363328;;82H;null;null;null;null;0;;;0x000000004E0E7B73;null;BG7;Bg7_Officina;BG7;Bg7_Officina;null;null;null;null;null;null;null;null;null;null;NO;False;null;null;False;null;PORTA VIA;null;null;False;null;null;XX;null;null;null;null;null;null;null
251657;171739;null;120076;541154;4;2554021;XL SCORPION WINTER 2  PIRELLI;73638;4;null;True;False;null;False;null;null;null;17/06/2025 00:00:00;null;BG1;GG794XT;null;null;null;null;False;null;null;null;null;null;False;null;null;17/06/2025 11:38:36;False;CHIUSO;17/06/2025 11:38:49;null;C;null;2554021-PIR-4139000;;102V;null;null;null;null;0;;;0x000000004E0E7E74;null;BG1;BG1_Ponte1;BG1;BG1_Ponte1;null;null;null;null;null;null;null;null;null;null;NO;False;null;null;False;null;PORTA VIA;null;null;False;null;null;XX;null;17/06/2025;null;null;null;null;null
251656;116188;null;83054;541140;4;2254517;PRIMACY 4  MICHELIN S1;296596;1;null;False;True;null;False;null;null;null;17/06/2025 00:00:00;null;BG6;ER708PE;null;null;null;null;False;null;null;null;null;null;False;null;null;17/06/2025 11:12:47;False;CHIUSO;17/06/2025 11:14:13;null;C;null;2254517-MIC-776988;;91W;null;null;null;null;0;;;0x000000004E0E78B6;null;BG6;Bg6_Officina1;BG6;Bg6_Officina1;null;null;null;2322;null;null;null;null;null;null;NO;False;null;null;False;null;SMALTITE;null;null;False;null;null;XX;null;null;null;null;null;null;null
251655;187611;null;78859;541143;4;2056015;H750 KINERGY 4S 2  HANKOOK M+S;243000;2;null;False;False;null;True;null;null;null;17/06/2025 00:00:00;null;BG4;DR506PS;null;null;null;null;False;null;null;null;null;null;False;null;null;17/06/2025 11:00:39;False;CHIUSO;17/06/2025 11:00:51;null;C;null;2056015-HAN-1024950;;91V;null;null;null;null;0;;;0x000000004E0E7B10;null;BG4;Bg4_Ponte1;BG4;Bg4_Ponte1;null;null;null;null;null;null;null;null;null;null;NO;False;null;null;False;null;SMALTITE;null;null;False;null;null;XX;null;null;17/06/2025;null;null;null;null
251654;200183;null;138828;541142;4;null;null;116545;2;null;True;null;null;null;null;null;null;17/06/2025 00:00:00;null;BG5;GB672WK;null;null;null;null;False;null;null;null;null;null;False;null;null;17/06/2025 10:53:11;False;CHIUSO;17/06/2025 11:22:08;null;C;null;2255518-GOODRIDE;;null;null;null;null;null;null;null;null;0x000000004E0E79D9;null;BG5;Bg5_Officina1;BG5;Bg5_Officina1;null;null;null;null;null;null;null;null;null;null;NO;False;null;null;False;null;PORTA VIA;null;null;False;null;null;XX;null;null;null;null;null;null;null
251653;205081;null;54401;541141;4;2454518;XL ULTRAGRIP PERFORMANCE 3  GOODYEAR EVR;19182;5;null;True;False;null;False;null;null;null;17/06/2025 00:00:00;null;BG2;GV671PA;null;null;null;null;False;null;null;null;null;null;False;null;null;17/06/2025 10:50:25;False;null;17/06/2025 10:50:33;null;A;null;2454518-GOO-580754;;100V;null;null;null;null;4;2454518;XL ULTRAGRIP PERFORMANCE 3  GOODYEAR EVR;0x000000004E0E771E;null;BG2;Bg2_Ponte3;BG2;Bg2_Ponte3;null;null;null;null;null;null;null;null;null;null;NO;False;null;null;False;null;DEPOSITO;null;null;False;null;null;XX;null;null;null;null;null;null;null
251652;220746;null;155002;541135;4;2454519;XL WinterContact TS 850 P  CONTINENTAL AO;131678;4;null;True;False;null;False;null;null;null;17/06/2025 00:00:00;null;BG2;GW583LY;null;null;null;null;False;null;null;null;null;null;False;null;null;17/06/2025 10:29:03;False;CHIUSO;17/06/2025 10:29:36;null;C;null;2454519-CON-0355042;;102V;null;null;null;null;0;;;0x000000004E0E783C;null;BG2;Bg2_Ponte3;BG2;Bg2_Ponte3;null;null;null;null;null;null;null;null;null;null;NO;False;null;null;False;null;PORTA VIA;null;null;False;null;null;XX;null;null;null;null;null;null;null
251651;214416;null;74079;541134;4;2255018;XL ContiWinterContact TS 830 P  CONTINENTAL AO;7081;7;null;True;False;null;False;null;null;null;17/06/2025 00:00:00;null;BG1;GX281PS;null;null;null;null;False;null;null;null;null;null;False;null;null;17/06/2025 10:19:51;False;null;17/06/2025 10:20:22;null;A;null;2255018-CON-0353759;;99H;null;null;null;null;4;2255018;XL ContiWinterContact TS 830 P  CONTINENTAL AO;0x000000004E0E7556;null;BG1;BG1_Ponte1;BG1;BG1_Ponte1;null;null;null;null;null;null;null;null;null;null;NO;False;null;null;False;null;DEPOSITO;null;null;False;null;null;XX;null;null;null;null;null;null;null
251650;85065;null;58896;541130;4;2156516;W452 WINTER I*CEPT RS2  HANKOOK;82000;2;null;True;False;null;False;null;null;null;17/06/2025 00:00:00;null;BG4;FS221MZ;null;null;null;null;False;null;null;null;null;null;False;null;null;17/06/2025 10:09:30;False;CHIUSO;17/06/2025 10:09:46;null;C;null;2156516-HAN-1020269;;98H;null;null;null;null;0;;;0x000000004E0E77A1;null;BG4;Bg4_Ponte1;BG4;Bg4_Ponte1;null;null;null;null;null;null;null;null;null;null;NO;False;null;null;False;null;SMALTITE;null;null;False;null;null;XX;null;null;17/06/2025;null;null;null;null
251649;185547;null;128277;541129;4;2056016;XL WINTERCONTACT TS 860 S  CONTINENTAL *|EVc;128527;1;null;True;False;null;False;null;null;null;17/06/2025 00:00:00;null;BG1;GE279ST;null;null;null;null;False;null;null;null;null;null;False;null;null;17/06/2025 10:04:50;False;CHIUSO;17/06/2025 10:05:09;null;C;null;2056016-CON-0355051;;96H;null;null;null;null;0;;;0x000000004E0E74AD;null;BG1;BG1_Ponte1;BG1;BG1_Ponte1;null;null;null;null;null;null;null;null;null;null;NO;False;null;null;False;null;SMALTITE;null;null;False;null;null;XX;null;null;null;null;null;null;null
251648;98850;null;25957;541128;2;1456515;ECOCONTROL  FULDA;159499;1;null;False;True;null;False;null;null;null;17/06/2025 00:00:00;null;BG2;BN217SE;null;null;null;null;False;null;null;null;null;null;False;null;null;17/06/2025 10:04:22;False;CHIUSO;17/06/2025 10:04:40;null;C;null;1456515-FUL-518650;;72T;null;null;null;null;0;;;0x000000004E0E7B3E;null;BG2;Bg2_Ponte3;BG2;Bg2_Ponte3;null;null;null;null;null;null;null;null;null;null;NO;False;null;null;False;null;SMALTITE;null;null;False;null;null;XX;null;null;17/06/2025;null;null;null;null
251647;220367;null;154735;541124;4;2156516;W462 WINTER I*CEPT RS3  HANKOOK;60227;7;null;True;False;null;False;null;null;null;17/06/2025 00:00:00;null;BG7;GB233RY;null;null;null;null;False;null;null;null;null;null;False;null;null;17/06/2025 09:51:11;False;CHIUSO;17/06/2025 09:51:49;null;C;null;2156516-HAN-1028358;;98H;null;null;null;null;0;;;0x000000004E0E7999;null;BG7;Bg7_Officina;BG7;Bg7_Officina;null;null;null;null;null;null;null;null;null;null;NO;False;null;null;False;null;PORTA VIA;null;null;False;null;null;XX;null;17/06/2025;null;null;null;null;null
251646;158295;null;647;541123;4;1956016;SnoVanis 3  BARUM;142000;4;null;True;False;null;False;null;null;null;17/06/2025 00:00:00;null;BG3;FZ900SE;null;null;null;null;False;null;null;null;null;null;False;null;null;17/06/2025 09:47:08;False;null;17/06/2025 09:47:19;null;A;null;1956016-BAR-0444052;;99T;null;null;null;null;4;1956016;SnoVanis 3  BARUM;0x000000004E0E8A0C;null;BG3;Bg3_Ponte1;BG3;Bg3_Ponte1;null;null;null;null;null;null;null;null;null;null;NO;False;null;null;False;null;DEPOSITO;null;null;True;17/06/2025 15:43:12;null;XX;null;null;null;null;null;null;null
251645;106926;null;1568;541122;4;2056016;XL WINTER SOTTOZERO 3  PIRELLI (KS);151000;3,5;null;True;False;null;False;null;null;null;17/06/2025 00:00:00;null;BG3;GB166GV;null;null;null;null;False;null;null;null;null;null;False;null;null;17/06/2025 09:44:28;False;null;17/06/2025 09:46:05;null;A;null;2056016-PIR-2788800;;96H;null;null;null;null;4;2056016;XL WINTER SOTTOZERO 3  PIRELLI (KS);0x000000004E0E8A0B;null;BG3;Bg3_Ponte1;BG3;Bg3_Ponte1;null;null;null;null;null;null;null;null;null;null;NO;False;null;null;False;null;DEPOSITO;null;null;True;17/06/2025 15:43:12;null;XX;null;null;null;null;null;null;null
251644;203535;null;65100;541117;4;2155517;XL CINTURATO WINTER 2  PIRELLI;18051;7;null;True;False;null;False;null;null;null;17/06/2025 00:00:00;null;BG6;GW602JL;null;null;null;null;False;null;null;null;null;null;False;null;null;17/06/2025 09:33:16;False;null;17/06/2025 09:34:01;null;A;null;2155517-PIR-3932500;;98V;null;null;null;null;4;2155517;XL CINTURATO WINTER 2  PIRELLI;0x000000004E0E71DF;null;BG6;Bg6_Officina1;BG6;Bg6_Officina1;null;null;null;1924;null;null;null;null;null;null;NO;False;null;null;False;null;DEPOSITO;null;null;False;null;null;XX;null;null;null;null;null;null;null
251643;197317;null;137095;541115;4;1856015;TOMKET;86300;1;null;null;True;null;null;null;null;null;17/06/2025 00:00:00;null;BG7;EG772FY;null;null;null;null;False;null;null;null;null;null;False;null;null;17/06/2025 09:22:51;False;CHIUSO;17/06/2025 09:24:00;null;C;null;1856015-TOM;;null;null;null;null;null;0;;;0x000000004E0E712D;null;BG7;Bg7_Officina;BG7;Bg7_Officina;null;null;null;null;null;null;null;null;null;null;NO;False;null;null;False;null;SMALTITE;null;null;False;null;null;XX;null;null;null;null;null;null;null
251642;205854;null;143823;541112;4;1955516;WINTER DRIVE  CEAT;20795;4;null;True;False;null;False;null;null;null;17/06/2025 00:00:00;null;BG1;GW967LF;null;null;null;null;False;null;null;null;null;null;False;null;null;17/06/2025 09:17:21;False;null;17/06/2025 09:17:51;null;A;null;1955516-CEA-104189;;87H;null;null;null;null;4;1955516;WINTER DRIVE  CEAT;0x000000004E0E7077;null;BG1;BG1_Ponte1;BG1;BG1_Ponte1;null;null;null;null;null;null;null;null;null;null;NO;False;null;null;False;null;DEPOSITO;null;null;False;null;null;XX;null;null;null;null;null;null;null
251641;68514;null;10169;541111;4;1855515;XL V905  YOKOHAMA;47615;3;null;True;False;null;False;null;null;null;17/06/2025 00:00:00;null;BG1;FD218MV;null;null;null;null;False;null;null;null;null;null;False;null;null;17/06/2025 09:16:14;False;null;17/06/2025 09:16:25;null;A;null;1855515-YOK-08669271;;86H;null;null;null;null;4;1855515;XL V905  YOKOHAMA;0x000000004E0E7878;null;BG1;BG1_Ponte1;BG1;BG1_Ponte1;null;null;null;null;null;null;null;null;null;null;NO;False;null;null;False;null;DEPOSITO;null;null;False;null;null;XX;17/06/2025;null;null;null;null;null;null
251640;170905;null;3478;541108;2;2554020;XL W330 WINTER I*CEPT EVO3  HANKOOK;56381;0;null;True;False;null;False;null;null;null;17/06/2025 00:00:00;null;BG2;GM474TG;null;null;null;null;False;null;null;null;null;null;False;null;null;17/06/2025 09:13:13;False;CHIUSO;17/06/2025 09:14:03;null;C;null;2554020-HAN-1026334;;101W;null;null;null;null;0;;;0x000000004E0E700D;null;BG2;Bg2_Ponte3;BG2;Bg2_Ponte3;null;null;null;null;null;null;null;null;null;null;NO;False;null;null;False;null;SMALTITE;null;null;False;null;null;XX;null;null;null;null;null;null;null
251639;220031;null;154500;541105;4;1957516;XL ACTIVAN 4S  BFGOODRICH M+S;66300;1;null;True;True;null;null;null;null;null;17/06/2025 00:00:00;null;BG3;GL377EK;null;null;null;null;False;null;null;null;null;null;False;null;null;17/06/2025 08:49:25;False;CHIUSO;17/06/2025 08:49:28;null;C;null;1957516-BFG-865578;null;110R;null;null;null;null;0;;;0x000000004E0E6EEE;null;BG3;Bg3_Ponte1;BG3;Bg3_Ponte1;null;null;null;null;null;null;null;null;null;null;NO;False;null;null;False;null;SMALTITE;null;null;False;null;null;XX;null;null;null;null;null;null;null
251638;99795;null;59026;541103;4;1955516;VI-388  OVATION;93424;3;null;False;True;null;False;null;null;null;17/06/2025 00:00:00;null;BG1;EY814CV;null;null;null;null;False;null;null;null;null;null;False;null;null;17/06/2025 08:46:43;False;CHIUSO;17/06/2025 08:46:54;null;C;null;1955516-OVA-69539131;;91V;null;null;null;null;0;;;0x000000004E0E6F60;null;BG1;BG1_Ponte1;BG1;BG1_Ponte1;null;null;null;null;null;null;null;null;null;null;NO;False;null;null;False;null;PORTA VIA;null;null;False;null;null;XX;null;17/06/2025;null;null;null;null;null
251637;211095;null;51698;541102;4;1856515;XL K435 KINERGY ECO 2  HANKOOK;76789;1;null;False;True;null;False;null;null;null;17/06/2025 00:00:00;null;BG2;FS507TL;null;null;null;null;False;null;null;null;null;null;False;null;null;17/06/2025 08:38:58;False;CHIUSO;17/06/2025 08:39:22;null;C;null;1856515-HAN-1020988;;92T;null;null;null;null;0;;;0x000000004E0E6E63;null;BG2;Bg2_Ponte3;BG2;Bg2_Ponte3;null;null;null;null;null;null;null;null;null;null;NO;False;null;null;False;null;SMALTITE;null;null;False;null;null;XX;null;null;null;null;null;null;null
251636;154281;null;107466;541097;2;1955516;CONTINENTAL;35450;2;null;null;True;null;null;null;null;null;17/06/2025 00:00:00;null;BG6;FT785BT;null;null;null;null;False;null;null;null;null;null;False;null;null;17/06/2025 08:33:40;False;CHIUSO;17/06/2025 08:34:22;null;C;null;1955516;;null;null;null;null;null;0;;;0x000000004E0E8D69;null;BG6;Bg6_Officina1;BG6;Bg6_Officina1;null;null;null;null;null;null;null;null;null;null;SI;False;null;null;False;null;SMALTITE;null;null;False;null;null;XX;null;null;null;null;null;null;null
251635;160767;null;111918;541099;4;2254517;XL POWERGY WINTER  PIRELLI;111470;7;null;True;False;null;False;null;null;null;17/06/2025 00:00:00;null;BG7;FP738KH;null;null;null;null;False;null;null;null;null;null;False;null;null;17/06/2025 08:18:45;False;null;17/06/2025 08:19:43;null;A;null;2254517-PIR-4478100;;94V;null;null;null;null;4;2254517;XL POWERGY WINTER  PIRELLI;0x000000004E0E6D82;null;BG7;Bg7_Officina;BG7;Bg7_Officina;null;null;null;null;null;null;null;null;null;null;NO;False;null;null;False;null;DEPOSITO;null;null;False;null;null;XX;null;null;null;null;null;null;null
251634;207714;null;145034;541092;4;2255017;AUSTONE;185595;2;null;True;null;null;null;null;null;null;16/06/2025 00:00:00;null;BG2;EV575ZJ;null;null;null;null;False;null;null;null;null;null;False;null;null;16/06/2025 17:57:43;False;CHIUSO;16/06/2025 17:58:47;null;C;null;2255017-AUS;;98V;null;null;null;null;0;;;0x000000004DFDC5FD;null;BG2;Bg2_Ponte3;BG2;Bg2_Ponte3;null;null;null;2019;null;null;null;null;null;null;NO;False;null;null;False;null;SMALTITE;null;null;False;null;null;XX;null;null;16/06/2025;null;null;null;null
251633;120767;null;86270;540946;4;1956515;N'BLUE 4SEASON  NEXEN M+S;1;1;null;False;False;null;True;null;null;null;16/06/2025 00:00:00;null;BG6;ES111HX;null;null;null;null;False;null;null;null;null;null;False;null;null;16/06/2025 17:41:05;False;CHIUSO;16/06/2025 17:41:20;null;C;null;1956515-NEX-NX15272;;91V;null;null;null;null;0;;;0x000000004DFDC436;null;BG6;NicolaTuffanelli;BG6;NicolaTuffanelli;null;null;null;null;null;null;null;null;null;null;SI;False;null;null;False;null;SMALTITE;null;null;False;null;null;XX;null;null;null;null;null;null;null
251632;220489;null;3074;541089;4;2055517;XL Winter Sport 5  DUNLOP;24000;4;null;True;False;null;False;null;null;null;16/06/2025 00:00:00;null;BG4;GF174VV;null;null;null;null;False;null;null;null;null;null;False;null;null;16/06/2025 17:33:27;False;null;16/06/2025 17:36:50;null;A;null;2055517-DUN-574627;;95V;null;null;null;null;4;2055517;XL Winter Sport 5  DUNLOP;0x000000004DFDC539;null;BG4;Bg4_Ponte1;BG4;Bg4_Ponte1;null;null;null;null;null;null;null;null;null;null;NO;False;null;null;False;null;DEPOSITO;null;null;True;16/06/2025 17:58:57;null;XX;null;null;null;null;null;null;null
251631;201735;null;67492;541088;4;2055516;ALPIN 5 RUNFLAT MICHELIN;222000;5;null;True;False;True;False;null;null;null;16/06/2025 00:00:00;null;BG4;DV056WE;null;null;null;null;False;null;null;null;null;null;False;null;null;16/06/2025 17:30:29;False;null;16/06/2025 17:30:57;null;A;null;2055516-MIC-393712;;91H;null;null;null;null;4;2055516;ALPIN 5 RUNFLAT MICHELIN;0x000000004DFDC538;null;BG4;Bg4_Ponte1;BG4;Bg4_Ponte1;null;null;null;null;null;null;null;null;null;null;NO;False;null;null;False;null;DEPOSITO;null;null;True;16/06/2025 17:58:57;null;XX;null;null;null;null;null;null;null
251630;220715;null;154980;541084;4;1954516;XL KRISALP HP3  KLEBER;29514;4;null;True;False;null;False;null;null;null;16/06/2025 00:00:00;null;BG1;FZ229CR;null;null;null;null;False;null;null;null;null;null;False;null;null;16/06/2025 17:23:36;False;CHIUSO;16/06/2025 17:24:15;null;C;null;1954516-KLE-457678;;84H;null;null;null;null;0;;;0x000000004DFDC29E;null;BG1;BG1_Ponte1;BG1;BG1_Ponte1;null;null;null;null;null;null;null;null;null;null;NO;False;null;null;False;null;PORTA VIA;null;null;False;null;null;XX;null;null;null;null;null;null;null
251629;105593;null;60609;541033;4;2256018;XL POLARIS 5  BARUM EVc;110000;2;null;True;False;null;False;null;null;null;16/06/2025 00:00:00;null;BG3;GA170MT;null;null;null;null;False;null;null;null;null;null;False;null;null;16/06/2025 17:22:26;False;CHIUSO;17/06/2025 07:56:00;null;C;null;2256018-BAR-1541380;;104V;null;null;null;null;0;;;0x000000004E0E6CE4;null;BG3;Bg3_Ponte1;BG3;Bg3_Ponte1;null;null;null;null;null;null;null;null;null;null;NO;False;null;null;False;null;SMALTITE;null;null;False;null;null;XX;null;null;16/06/2025;null;null;null;null
251624;88774;null;2626;541030;4;1756515;XL ULTRAGRIP 9+  GOODYEAR;151000;5;null;True;False;null;False;null;null;null;16/06/2025 00:00:00;null;BG4;FB522TF;null;null;null;null;False;null;null;null;null;null;False;null;null;16/06/2025 17:10:17;False;null;16/06/2025 17:10:37;null;A;null;1756515-GOO-548565;;88T;null;null;null;null;4;1756515;XL ULTRAGRIP 9+  GOODYEAR;0x000000004DFDC537;null;BG4;Bg4_Ponte1;BG4;Bg4_Ponte1;null;null;null;null;null;null;null;null;null;null;NO;False;null;null;False;null;DEPOSITO;null;null;True;16/06/2025 17:58:57;null;XX;16/06/2025;null;null;null;null;null;null
251623;137163;null;76000;541032;4;2155517;KRISTALL CONTROL HP  FULDA;35000;4;null;True;False;null;False;null;null;null;16/06/2025 00:00:00;null;BG3;GJ631DM;null;null;null;null;False;null;null;null;null;null;False;null;null;16/06/2025 16:53:08;False;null;16/06/2025 16:53:21;null;A;null;2155517-FUL-523415;;98V;null;null;null;null;4;2155517;KRISTALL CONTROL HP  FULDA;0x000000004E0E8A0A;null;BG3;Bg3_Ponte1;BG3;Bg3_Ponte1;null;null;null;null;null;null;null;null;null;null;NO;False;null;null;False;null;DEPOSITO;null;null;True;17/06/2025 15:43:12;null;XX;16/06/2025;null;null;null;null;null;null
251622;176087;null;51754;541028;2;2056016;XL CINTURATO WINTER 2  PIRELLI;146400;4;2;True;null;null;null;null;null;null;16/06/2025 00:00:00;null;BG6;GH966JB;null;null;null;null;False;null;null;null;null;null;False;null;null;16/06/2025 16:29:36;False;null;16/06/2025 16:30:36;null;A;null;2056016-PIR-4288400;2056016-PIR-4288400;96H;96H;2056016;2;XL CINTURATO WINTER 2  PIRELLI;4;2056016/2056016;XL CINTURATO WINTER 2  PIRELLI/XL CINTURATO WINTER 2  PIRELLI;0x000000004E0E7131;null;BG6;Bg6_Officina1;BG6;Bg6_Officina1;null;null;null;3022;3022;null;null;null;null;null;NO;False;null;null;False;null;DEPOSITO;DEPOSITO FINITE;null;True;17/06/2025 09:24:02;null;XX;null;null;null;null;null;null;null
251621;153445;null;106898;541025;4;2056016;XL WINTEREXPERT  UNIROYAL EVc;157000;3,5;null;True;False;null;False;null;null;null;16/06/2025 00:00:00;null;BG3;FL205VJ;null;null;null;null;False;null;null;null;null;null;False;null;null;16/06/2025 16:23:26;False;CHIUSO;16/06/2025 16:23:56;null;C;null;2056016-UNI-0363340;;96H;null;null;null;null;0;;;0x000000004DFDBC02;null;BG3;Bg3_Ponte1;BG3;Bg3_Ponte1;null;null;null;null;null;null;null;null;null;null;NO;False;null;null;False;null;PORTA VIA;null;null;False;null;null;XX;null;null;null;null;null;null;null
251620;106000;null;8743;541020;4;1855515;SNOWDRAGON HP  IMPERIAL;29004;4;null;True;False;null;False;null;null;null;16/06/2025 00:00:00;null;BG2;GA848CV;null;null;null;null;False;null;null;null;null;null;False;null;null;16/06/2025 15:53:01;False;null;16/06/2025 15:53:09;null;A;null;1855515-IMR-IN272;;82H;null;null;null;null;4;1855515;SNOWDRAGON HP  IMPERIAL;0x000000004DFDB9D2;null;BG2;Bg2_Ponte3;BG2;Bg2_Ponte3;null;null;null;null;null;null;null;null;null;null;NO;False;null;null;False;null;DEPOSITO;null;null;False;null;null;XX;null;null;null;null;null;null;null
251619;212137;null;104280;541014;4;1756515;KRISALP HP 3  KLEBER;13600;5;null;True;False;null;False;null;null;null;16/06/2025 00:00:00;null;BG6;FZ191TN;null;null;null;null;False;null;null;null;null;null;False;null;null;16/06/2025 15:36:09;False;null;16/06/2025 15:37:50;null;A;null;1756515-KLE-476323;;84T;null;null;null;null;4;1756515;KRISALP HP 3  KLEBER;0x000000004E0E7130;null;BG6;Bg6_Officina1;BG6;Bg6_Officina1;null;null;null;2720;null;null;null;null;null;null;NO;False;null;null;False;null;DEPOSITO;null;null;True;17/06/2025 09:24:02;null;XX;null;null;null;null;null;null;null
251618;220705;null;56533;541012;4;2155517;XL  MULTISEASON2  FIRESTONE;2751;6;null;False;False;null;True;null;null;null;16/06/2025 00:00:00;null;BG4;GX936YN;null;null;null;null;False;null;null;null;null;null;False;null;null;16/06/2025 15:20:24;False;CHIUSO;16/06/2025 15:22:56;null;C;null;2155517-FIR-16753;;98W;null;null;null;null;0;;;0x000000004DFDB9AB;null;BG4;Bg4_Ponte1;BG4;Bg4_Ponte1;null;null;null;null;null;null;null;null;null;null;NO;False;null;null;False;null;PORTA VIA;null;null;False;null;null;XX;null;16/06/2025;null;null;null;null;null
251617;175404;null;120952;541007;4;2355518;XL SCORPION WINTER 2  PIRELLI;74696;3;null;True;False;null;False;null;null;null;16/06/2025 00:00:00;null;BG1;GJ502DL;null;null;null;null;False;null;null;null;null;null;False;null;null;16/06/2025 15:14:07;False;null;16/06/2025 15:14:17;null;A;null;2355518-PIR-4136300;;104H;null;null;null;null;4;2355518;XL SCORPION WINTER 2  PIRELLI;0x000000004DFDB7BC;null;BG1;BG1_Ponte1;BG1;BG1_Ponte1;null;null;null;null;null;null;null;null;null;null;NO;False;null;null;False;null;DEPOSITO;null;null;False;null;null;XX;16/06/2025;null;null;null;null;null;null
251616;152600;null;106355;541008;4;2156517;SCORPION WINTER  PIRELLI Sealinside;45300;1,5;null;True;False;null;False;null;null;null;16/06/2025 00:00:00;null;BG3;GL295HX;null;null;null;null;False;null;null;null;null;null;False;null;null;16/06/2025 15:14:05;False;CHIUSO;16/06/2025 15:15:10;null;C;null;2156517-PIR-2519600;;99H;null;null;null;null;0;;;0x000000004DFDB771;null;BG3;Bg3_Ponte1;BG3;Bg3_Ponte1;null;null;null;null;null;null;null;null;null;null;NO;False;null;null;False;null;SMALTITE;null;null;False;null;null;XX;null;null;null;null;null;null;null
251615;179118;null;124317;541003;4;2055516;LM001  BRIDGESTONE *;68477;4;null;True;False;null;False;null;null;null;16/06/2025 00:00:00;null;BG7;GL216GF;null;null;null;null;False;null;null;null;null;null;False;null;null;16/06/2025 15:05:07;False;null;16/06/2025 15:08:12;null;A;null;2055516-BRI-9213;;91H;null;null;null;null;4;2055516;LM001  BRIDGESTONE *;0x000000004DFDB661;null;BG7;Bg7_Officina;BG7;Bg7_Officina;null;null;null;null;null;null;null;null;null;null;NO;False;null;null;False;null;DEPOSITO;null;null;False;null;null;XX;null;null;null;null;null;null;null
251614;141306;null;104280;541002;4;2055516;MICHELIN ALPIN 6;71607;4;null;True;null;null;False;null;null;null;16/06/2025 00:00:00;null;BG1;GC371PE;null;null;null;null;False;null;null;null;null;null;False;null;null;16/06/2025 14:55:54;False;null;16/06/2025 15:13:26;null;A;null;2055516-MIC;;91H;null;null;null;null;4;2055516;MICHELIN ALPIN 6;0x000000004DFDB6DA;null;BG1;BG1_Ponte1;BG1;BG1_Ponte1;null;null;null;null;null;null;null;null;null;null;NO;False;null;null;False;null;DEPOSITO;null;null;False;null;null;XX;null;null;null;null;null;null;null
251612;220696;null;154966;540997;2;2254517;MOMO 4 RUN M4;224600;2;null;null;null;null;True;null;null;null;16/06/2025 00:00:00;null;BG6;EP232BJ;null;null;null;null;False;null;null;null;null;null;False;null;null;16/06/2025 14:31:46;False;CHIUSO;16/06/2025 14:33:09;null;C;null;2254517-MOM;;null;null;null;null;null;0;;;0x000000004DFDB534;null;BG6;Bg6_Officina1;BG6;Bg6_Officina1;null;null;null;1320;null;null;null;null;null;null;SI;False;null;null;False;null;SMALTITE;null;null;False;null;null;XX;null;null;null;null;null;null;null
251611;75717;null;3120;540994;4;2055516;KRISTALL CONTROL HP 2  FULDA;190913;3;null;True;null;null;null;null;null;null;16/06/2025 00:00:00;null;BG1;FE634YX;null;null;null;null;False;null;null;null;null;null;False;null;null;16/06/2025 14:20:49;False;null;16/06/2025 14:20:51;null;A;null;2055516-FUL-531960;null;91H;null;null;null;null;4;2055516;KRISTALL CONTROL HP 2  FULDA;0x000000004DFDB3F5;null;BG1;BG1_Ponte1;BG1;BG1_Ponte1;null;null;null;4720;null;null;null;null;null;null;NO;False;null;null;False;null;DEPOSITO;null;null;False;null;null;XX;null;null;null;null;null;null;null
251610;51002;null;36035;540991;4;2454518;XL W330 WINTER I*CEPT EVO3  HANKOOK;373500;5;null;True;False;null;False;null;null;null;16/06/2025 00:00:00;null;BG4;EP693JC;null;null;null;null;False;null;null;null;null;null;False;null;null;16/06/2025 14:05:47;False;CHIUSO;16/06/2025 14:06:14;null;C;null;2454518-HAN-1026307;;100V;null;null;null;null;0;;;0x000000004DFDB592;null;BG4;Bg4_Ponte1;BG4;Bg4_Ponte1;null;null;null;null;null;null;null;null;null;null;NO;False;null;null;False;null;PORTA VIA;null;null;False;null;null;XX;null;16/06/2025;null;null;null;null;null
251609;212135;null;104280;540989;4;1756515;KRISALP HP 3  KLEBER;24382;5;null;True;False;null;False;null;null;null;16/06/2025 00:00:00;null;BG6;FZ193TN;null;null;null;null;False;null;null;null;null;null;False;null;null;16/06/2025 13:58:27;False;null;16/06/2025 14:00:12;null;A;null;1756515-KLE-476323;;84T;null;null;null;null;4;1756515;KRISALP HP 3  KLEBER;0x000000004E0E712F;null;BG6;Bg6_Officina1;BG6;Bg6_Officina1;null;null;null;4120;null;null;null;null;null;null;NO;False;null;null;False;null;DEPOSITO;null;null;True;17/06/2025 09:24:02;null;XX;null;null;null;null;null;null;null
251608;153156;null;812;540986;4;2056016;POLARIS 5  BARUM EVc;35621;4;null;True;False;null;False;null;null;null;16/06/2025 00:00:00;null;BG2;GJ340DH;null;null;null;null;False;null;null;null;null;null;False;null;null;16/06/2025 12:38:21;False;null;16/06/2025 12:38:42;null;A;null;2056016-BAR-1541331;;92H;null;null;null;null;4;2056016;POLARIS 5  BARUM EVc;0x000000004DFDAF8F;null;BG2;MattiaCampese;BG2;MattiaCampese;null;null;null;null;null;null;null;null;null;null;NO;False;null;null;False;null;DEPOSITO;null;null;False;null;null;XX;null;null;null;null;null;null;null
251607;179857;null;124722;540984;4;2055516;WINTER 210 SNOWCONTROL Serie 3  PIRELLI;93058;4;null;True;False;null;False;null;null;null;16/06/2025 00:00:00;null;BG1;GP722ZH;null;null;null;null;False;null;null;null;null;null;False;null;null;16/06/2025 12:25:00;False;null;16/06/2025 12:25:07;null;A;null;2055516-PIR-2123800;;91H;null;null;null;null;4;2055516;WINTER 210 SNOWCONTROL Serie 3  PIRELLI;0x000000004DFDAEA6;null;BG1;BG1_Ponte1;BG1;BG1_Ponte1;null;null;null;null;null;null;null;null;null;null;NO;False;null;null;False;null;DEPOSITO;null;null;False;null;null;XX;null;null;null;null;null;null;null
251606;136127;null;44091;540979;4;2157015;DURAVIS;63076;2;null;null;True;null;null;null;null;null;16/06/2025 00:00:00;null;BG5;GJ059DH;null;null;null;null;False;null;null;null;null;null;False;null;null;16/06/2025 12:08:20;False;CHIUSO;16/06/2025 12:11:08;null;C;null;2157015-BRI;;null;null;null;null;null;0;;;0x000000004DFDAD4C;null;BG5;Bg5_Officina1;BG5;Bg5_Officina1;null;null;null;2422;null;null;null;null;null;null;NO;False;null;null;False;null;SMALTITE;null;null;False;null;null;XX;null;null;null;null;null;null;null
251602;179310;null;45405;540976;4;2156017;XL CINTURATO WINTER 2  PIRELLI;34704;4;null;True;False;null;False;null;null;null;16/06/2025 00:00:00;null;BG1;GR956YG;null;null;null;null;False;null;null;null;null;null;False;null;null;16/06/2025 11:57:21;False;null;16/06/2025 11:57:31;null;A;null;2156017-PIR-4135000;;100V;null;null;null;null;4;2156017;XL CINTURATO WINTER 2  PIRELLI;0x000000004DFDAC16;null;BG1;BG1_Ponte1;BG1;BG1_Ponte1;null;null;null;null;null;null;null;null;null;null;NO;False;null;null;False;null;DEPOSITO;null;null;False;null;null;XX;null;null;null;null;null;null;null
251601;220662;null;154941;540975;2;2254517;XL ECOBLUE2 4S  SUPERIA;238689;2;null;False;False;null;True;null;null;null;16/06/2025 00:00:00;null;BG4;EC889WL;null;null;null;null;False;null;null;null;null;null;False;null;null;16/06/2025 11:50:07;False;CHIUSO;16/06/2025 11:50:16;null;C;null;2254517-SUP-SF076897;;94W;null;null;null;null;0;;;0x000000004DFDAAD5;null;BG4;Bg4_Ponte1;BG4;Bg4_Ponte1;null;null;null;null;null;null;null;null;null;null;NO;False;null;null;False;null;SMALTITE;null;null;False;null;null;XX;null;null;null;null;null;null;null
251600;220681;null;154955;540972;2;1956015;4SEASON;538480;1;null;null;null;null;True;null;null;null;16/06/2025 00:00:00;null;BG5;CK998VW;null;null;null;null;False;null;null;null;null;null;False;null;null;16/06/2025 11:38:14;False;CHIUSO;16/06/2025 11:39:49;null;C;null;1956015-ORIUM;;null;null;null;null;null;0;;;0x000000004DFDA94E;null;BG5;Bg5_Officina1;BG5;Bg5_Officina1;null;null;null;2016;null;null;null;null;null;null;NO;False;null;null;False;null;SMALTITE;null;null;False;null;null;XX;null;null;null;null;null;null;null
251599;112433;null;79993;540970;4;2254517;ALPIN 5  MICHELIN;225400;5;null;True;False;null;False;null;null;null;16/06/2025 00:00:00;null;BG4;FH616NK;null;null;null;null;False;null;null;null;null;null;False;null;null;16/06/2025 11:28:38;False;CHIUSO;16/06/2025 11:28:49;null;C;null;2254517-MIC-142076;;91H;null;null;null;null;0;;;0x000000004DFDA813;null;BG4;Bg4_Ponte1;BG4;Bg4_Ponte1;null;null;null;null;null;null;null;null;null;null;NO;False;null;null;False;null;PORTA VIA;null;null;False;null;null;XX;null;null;null;null;null;null;null
251598;189114;null;59022;540968;4;2256018;XL CINTURATO P7 (P7C2)  PIRELLI (*);105400;1;null;False;True;null;False;null;null;null;16/06/2025 00:00:00;null;BG6;GF873WB;null;null;null;null;False;null;null;null;null;null;False;null;null;16/06/2025 11:19:24;False;CHIUSO;16/06/2025 11:20:36;null;C;null;2256018-PIR-3495700;;104W;null;null;null;null;0;;;0x000000004DFDBAA4;null;BG6;Bg6_Officina1;BG6;Bg6_Officina1;null;null;null;1019;null;null;null;null;null;null;SI;False;null;null;False;null;SMALTITE;null;null;False;null;null;XX;null;null;16/06/2025;null;null;null;null
251597;132460;null;94090;540966;4;2056016;WINTERHAWK 4  FIRESTONE;70641;2;null;True;False;null;False;null;null;null;16/06/2025 00:00:00;null;BG4;GG725ZT;null;null;null;null;False;null;null;null;null;null;False;null;null;16/06/2025 11:10:59;False;CHIUSO;16/06/2025 11:11:27;null;C;null;2056016-FIR-18061;;92H;null;null;null;null;0;;;0x000000004DFDAB95;null;BG4;Bg4_Ponte1;BG4;Bg4_Ponte1;null;null;null;null;null;null;null;null;null;null;NO;False;null;null;False;null;SMALTITE;null;null;False;null;null;XX;null;null;null;null;null;null;null
251596;211750;null;154780;540965;4;2056016;XL ESKIMO HP 2  SAVA;46500;7;null;True;False;null;False;null;null;null;16/06/2025 00:00:00;null;BG7;GM912LF;null;null;null;null;False;null;null;null;null;null;False;null;null;16/06/2025 11:03:49;False;null;16/06/2025 11:22:32;null;A;null;2056016-SAV-531967;;96H;null;null;null;null;4;2056016;XL ESKIMO HP 2  SAVA;0x000000004DFDA7C0;null;BG7;AlimentiCostantino;BG7;Bg7_Officina;null;null;null;3422;null;null;null;null;null;null;NO;False;null;null;False;null;DEPOSITO;null;null;False;null;null;XX;null;null;null;null;null;null;null
251595;201906;null;105783;540964;4;2156017;XL WinterContact TS 870 P  CONTINENTAL EVc;26000;4;null;True;False;null;False;null;null;null;16/06/2025 00:00:00;null;BG3;GW298GJ;null;null;null;null;False;null;null;null;null;null;False;null;null;16/06/2025 11:01:37;False;null;16/06/2025 11:01:51;null;A;null;2156017-CON-0355663;;100V;null;null;null;null;4;2156017;XL WinterContact TS 870 P  CONTINENTAL EVc;0x000000004E0E8A09;null;BG3;Bg3_Ponte1;BG3;Bg3_Ponte1;null;null;null;null;null;null;null;null;null;null;NO;False;null;null;False;null;DEPOSITO;null;null;True;17/06/2025 15:43:12;null;XX;null;null;null;null;null;null;null
251594;219626;null;85010;540957;4;1955516;WINTERDRIVE CEAT;80836;4;null;False;True;null;False;null;null;null;16/06/2025 00:00:00;null;BG1;GH928PK;null;null;null;null;False;null;null;null;null;null;False;null;null;16/06/2025 10:29:31;False;null;16/06/2025 10:31:23;null;A;null;1955516-CEA-104189;;87H;null;null;null;null;4;1955516;WINTERDRIVE CEAT;0x000000004DFDA2DB;null;BG1;BG1_Ponte1;BG1;BG1_Ponte1;null;null;null;null;null;null;null;null;null;null;NO;False;null;null;False;null;DEPOSITO;null;null;False;null;null;XX;null;null;null;null;null;null;null
251593;150670;null;29459;540956;4;2254517;XL QUARTARIS 5  BARUM EVc M+S;159000;2;null;False;False;null;True;null;null;null;16/06/2025 00:00:00;null;BG4;EP012LX;null;null;null;null;False;null;null;null;null;null;False;null;null;16/06/2025 10:26:00;False;CHIUSO;16/06/2025 10:26:13;null;C;null;2254517-BAR-1540692;;94V;null;null;null;null;0;;;0x000000004DFDC69F;null;BG4;Bg4_Ponte1;BG4;Bg4_Ponte1;null;null;null;null;null;null;null;null;null;null;NO;False;null;null;False;null;SMALTITE;null;null;False;null;null;XX;null;null;16/06/2025;null;null;null;null
251592;220667;null;154945;540953;2;2256516;TRANSALP 2+  KLEBER;91450;1;null;True;False;null;False;null;null;null;16/06/2025 00:00:00;null;BG6;FS580TL;null;null;null;null;False;null;null;null;null;null;False;null;null;16/06/2025 10:22:44;False;CHIUSO;16/06/2025 10:23:33;null;C;null;2256516-KLE-978726;;112R;null;null;null;null;0;;;0x000000004DFDA243;null;BG6;Bg6_Officina1;BG6;Bg6_Officina1;null;null;null;2421;null;null;null;null;null;null;SI;False;null;null;False;null;SMALTITE;null;null;False;null;null;XX;null;null;null;null;null;null;null
251591;207828;null;94162;540948;4;2255017;XL Winter Sport 5  DUNLOP;24388;4;null;True;False;null;False;null;null;null;16/06/2025 00:00:00;null;BG1;GV126LB;null;null;null;null;False;null;null;null;null;null;False;null;null;16/06/2025 10:01:49;False;CHIUSO;16/06/2025 10:02:02;null;C;null;2255017-DUN-574653;;98V;null;null;null;null;0;;;0x000000004DFDA0CE;null;BG1;BG1_Ponte1;BG1;BG1_Ponte1;null;null;null;null;null;null;null;null;null;null;NO;False;null;null;False;null;PORTA VIA;null;null;False;null;null;XX;null;16/06/2025;null;null;null;null;null
251590;83503;null;59358;540943;4;2055516;POLARIS 5  BARUM EVc;150000;4;null;True;False;null;False;null;null;null;16/06/2025 00:00:00;null;BG4;FT750AC;null;null;null;null;False;null;null;null;null;null;False;null;null;16/06/2025 09:45:52;False;null;16/06/2025 11:40:40;null;A;null;2055516-BAR-1541336;;91T;null;null;null;null;4;2055516;POLARIS 5  BARUM EVc;0x000000004DFDC536;null;BG4;eugeniosanese;BG4;Bg4_Ponte1;null;null;null;4823;null;null;null;null;null;null;NO;False;null;null;False;null;DEPOSITO;null;null;True;16/06/2025 17:58:57;null;XX;null;null;null;null;null;null;null
251589;198970;null;64994;540934;2;1956515;TURANZA T005  BRIDGESTONE;60707;1;null;False;True;null;False;null;null;null;16/06/2025 00:00:00;null;BG5;GN332FP;null;null;null;null;False;null;null;null;null;null;False;null;null;16/06/2025 09:28:57;False;CHIUSO;16/06/2025 09:29:35;null;C;null;1956515-BRI-8904;;91H;null;null;null;null;0;;;0x000000004DFD9C66;null;BG5;AndreaZerbini;BG5;AndreaZerbini;null;null;null;2022;null;null;null;null;null;null;NO;False;null;null;False;null;SMALTITE;null;null;False;null;null;XX;null;null;null;null;null;null;null
251588;50636;null;8229;540938;4;1756015;SNOWPROX S943  TOYO;112000;5;null;True;False;null;False;null;null;null;16/06/2025 00:00:00;null;BG4;EX717WK;null;null;null;null;False;null;null;null;null;null;False;null;null;16/06/2025 09:28:07;False;null;16/06/2025 09:28:51;null;A;null;1756015-TOY-3275105;;81H;null;null;null;null;4;1756015;SNOWPROX S943  TOYO;0x000000004DFDC535;null;BG4;Bg4_Ponte1;BG4;Bg4_Ponte1;null;null;null;null;null;null;null;null;null;null;NO;False;null;null;False;null;DEPOSITO;null;null;True;16/06/2025 17:58:57;null;XX;null;null;null;null;null;null;null
251587;213836;null;149674;540929;2;2054516;PremiumContact 6  CONTINENTAL EVc;171908;2;null;False;True;null;False;null;null;null;16/06/2025 00:00:00;null;BG7;EV596EH;null;null;null;null;False;null;null;null;null;null;False;null;null;16/06/2025 09:08:48;False;CHIUSO;16/06/2025 09:09:52;null;C;null;2054516-CON-0358620;;83W;null;null;null;null;0;;;0x000000004DFD9A33;null;BG7;Bg7_Officina;BG7;Bg7_Officina;null;null;null;null;null;null;null;null;null;null;NO;False;null;null;False;null;SMALTITE;null;null;False;null;null;XX;null;null;null;null;null;null;null
251586;205622;null;143695;540928;4;2056016;XL CINTURATO WINTER 2  PIRELLI;24000;0;null;True;False;null;False;null;null;null;16/06/2025 00:00:00;null;BG3;GW029ED;null;null;null;null;False;null;null;null;null;null;False;null;null;16/06/2025 09:04:36;False;CHIUSO;16/06/2025 09:04:49;null;C;null;2056016-PIR-4288400;;96H;null;null;null;null;0;;;0x000000004DFD9A57;null;BG3;Bg3_Ponte1;BG3;Bg3_Ponte1;null;null;null;null;null;null;null;null;null;null;NO;False;null;null;False;null;SMALTITE;null;null;False;null;null;XX;null;null;null;null;null;null;null
251585;169399;null;118410;540924;4;1855515;DYNAXER HP3  KLEBER;219500;2;null;False;True;null;False;null;null;null;16/06/2025 00:00:00;null;BG7;ES818ZC;null;null;null;null;False;null;null;null;null;null;False;null;null;16/06/2025 08:29:24;False;CHIUSO;16/06/2025 08:30:25;null;C;null;1855515-KLE-831725;;82H;null;null;null;null;0;;;0x000000004DFD98A2;null;BG7;Bg7_Officina;BG7;Bg7_Officina;null;null;null;null;null;null;null;null;null;null;NO;False;null;null;False;null;SMALTITE;null;null;False;null;null;XX;null;null;null;null;null;null;null
251584;190496;null;131708;540923;4;2255518;XL POWERGY WINTER  PIRELLI;135600;6;null;True;null;null;null;null;null;null;16/06/2025 00:00:00;null;BG3;GK381RY;null;null;null;null;False;null;null;null;null;null;False;null;null;16/06/2025 08:29:02;False;null;16/06/2025 08:29:03;null;A;null;2255518-PIR-4478800;null;102V;null;null;null;null;4;2255518;XL POWERGY WINTER  PIRELLI;0x000000004E0E8A08;null;BG3;Bg3_Ponte1;BG3;Bg3_Ponte1;null;null;null;1024;null;null;null;null;null;null;NO;False;null;null;False;null;DEPOSITO;null;null;True;17/06/2025 15:43:12;null;XX;null;null;null;null;null;null;null
251583;190668;null;46156;540920;4;2355518;XL SCORPION WINTER 2  PIRELLI;93000;1,5;null;True;False;null;False;null;null;null;16/06/2025 00:00:00;null;BG3;FY916FS;null;null;null;null;False;null;null;null;null;null;False;null;null;16/06/2025 08:23:03;False;CHIUSO;16/06/2025 13:58:44;null;C;null;2355518-PIR-4396400;;104H;null;null;null;null;0;;;0x000000004E0E769D;null;BG3;DavideRusso;BG3;Bg3_Ponte1;null;null;null;null;null;null;null;null;null;null;NO;False;null;null;False;null;PORTA VIA;null;null;False;null;null;XX;null;null;null;null;null;null;null
251582;220380;null;154746;540901;2;2356018;XL SCORPION ALL SEASON SF2  PIRELLI M+S Sealinside;40029;1,6;null;False;False;null;True;null;null;null;14/06/2025 00:00:00;null;BG2;GR790MK;null;null;null;null;False;null;null;null;null;null;False;null;null;14/06/2025 11:46:57;False;CHIUSO;14/06/2025 11:48:19;null;C;null;2356018-PIR-4000200;;107W;null;null;null;null;0;;;0x000000004DDC18A8;null;BG2;Bg2_Ponte3;BG2;Bg2_Ponte3;null;null;null;0923;null;null;null;null;null;null;NO;False;null;null;False;null;SMALTITE;null;null;False;null;null;XX;null;null;null;null;null;null;null
251581;216441;null;154904;540893;4;1955516;XL W462 WINTER I*CEPT RS3  HANKOOK;36000;2;null;True;False;null;False;null;null;null;14/06/2025 00:00:00;null;BG3;GB257HZ;null;null;null;null;False;null;null;null;null;null;False;null;null;14/06/2025 11:38:19;False;CHIUSO;14/06/2025 11:38:53;null;C;null;1955516-HAN-1028402;;91H;null;null;null;null;0;;;0x000000004DDC18D3;null;BG3;Bg3_Ponte1;BG3;Bg3_Ponte1;null;null;null;null;null;null;null;null;null;null;NO;False;null;null;False;null;SMALTITE;null;null;False;null;null;XX;null;null;null;null;null;null;null
