IdSchedaLavoro	S_IdAnagrafica	S_IdVeicolo	S_IdUtilizzatore	Pdv	Km	Data_Lavori	S_OffLimits	S_ConfImpPneumatici	OreMeccanicaReali	S_NImpPneumatici	CodCli_LC_FatturaBolla	Modello	Modello_Post	GruppoLavoro	Runflat	Cerchio	Misura_Vecchi	Misura_Post_Vecchi	Modello_Vecchi	S_NsOffMobile	S_TipoPagamento	Ms_Estive_Invernali	Ms_Estive_Invernali_Deposito	Note_Stampa	Complete	Car_Vel	EquilibraturaClega	Eq_Tl_4x4_Suv	Ms_Vettura	Ms_Tl_4x4_Suv	Inversione+EquilibraturaClega	Operatore	Smaltimento	Conv_Wifi	Sost_Valvole	Prolunghe	Ass_Ruote_Ant	Ass_Completo	Ass_Tl_4x4_Suv	Rip_Veloce	Rip_Pezza	Rip_Tl	Note	S_Targa	Stato_Commessa	Deposito	Creato	Modificato	Importo	pressioneAnt	pressionePost	pressioneScorta	InversionePiu	ControlloPiu	Estive_Invernali_Finite	Porta_Via	Problemi	Urgente	Elaborato	ArtCodice	ArtCodicePost	DotPost	Chiusura	S_IdPreventivo	S_Promozione	S_UsuraFreniAnt	S_UsuraFreniPost	RipCerchio	ValvStag	CerchioTpms	EqMotoSoloCerchi	MontSmontEqSuMoto	MontSmontEqSoloCerchi	S_DaFatturare	S_PropietaSeta	S_DannoDaUrto	S_ConsumoAnomalo	S_NScontrino	S_NFattura	S_FatMod	S_NRichiestaLc	S_BGR	S_NBGR	S_AutRigaturaNormale	S_AutRigaturaSpeciale	S_AutEqBanco	S_AutEqSabbia	S_AutInvSuCerchio	S_AutInvSuAsse	S_AutMS	S_AutRipVeloce	S_AutRipFungo	S_AutMsScorta	S_AutRipPezzaM	S_AutRipPezzaG	S_AutValGommaRinf	S_AutValOttoneLong	S_AutValOttoneShort	S_AutValCerchioLega	S_AutProlPlastica	S_AutProlGomma	S_AutProlGobbi	S_AutProlFermo	S_AutAssettoRuote	S_NBolla	S_GommeNuoveCliente	S_TPMS	S_ODL	S_PresaRiconsVeicolo	S_CheckHera	S_VerificaAllinAut	S_InvAsseVett	S_NReport	S_PuliziaMozzi	S_VerificaConvergenza	S_LavPressoOffEst	Misura	Misura_Post	S_NrAutContiCesar	S_InListaMensile	S_FiniteConserva	S_InvioEmailFiniteConserva	S_NGaranzia	S_DiffGaranzia	S_PerGaranzia	S_DataCreazDocVen	NoteSms	NrOdlGaranzia	S_UsuraDischiAnt	S_UsuraDischiPost	DataRichiamoSmsFreni	NoteFreni	N_OdlMeccanica	TergiAnt	TergiPost	DataRichiamoSmsTergi	S_Autista	S_Verificata	S_NoteCreazione	S_NoMozzi	S_Reparto	S_OffMeccEsterna	PrezzoPastAnt	PrezzoPastPost	PrezzoDischiAnt	PrezzoDischiPost	DataRichiamoSms	Autista	S_RespCommessa	ValvolaGomma
265001	24189	89573	null	BG1	23800	29/10/2019 12:23	NO	False	null	null	null	null	null	null	False	2	null	null	null	False	NO	null	null	SOSPESO OK ANTONIO.. PAGA TUTTO INSIEME ALLO SCOOTER La sua macchina è dotata di TPMS ovvero il sensore che rileva la corretta pressione del suo veicolo. Abbiamo provveduto al suo reset. Se dovesse accendersi non si allarmi e torni c/o la nostra officina per un controllo.	null	null	null	null	null	null	False	Iulian	null	null	null	null	False	False	False	null	null	null	null	FR953GP	3	True	29/10/2019 00:00	16/10/2024 19:56	680	2,5	2,5	3,5	10000	3000	False	False	False	False	False	null	null	null	0x0000000050E995DA	64309	FIOCCO DI NEVE	OK	OK	null	null	null	null	null	null	False	null	null	null	null	1651	null	null	True	1702	null	null	null	null	null	null	null	null	null	null	null	null	null	null	null	null	null	null	null	null	null	null	False	True	null	False	null	null	null	null	False	False	null	null	null	null	False	null	null	null	null	null	null	null	null	null	null	null	null	null	null	null	null	null	null	null	null	PNEUMATICI	null	null	null	null	null	null	null	null	null
350842	24189	89573	null	BG4	48300	16/10/2021 08:02	null	False	null	null	null	null	null	null	False	null	null	null	null	null	Altro	null	null	 La sua macchina è dotata di TPMS ovvero il sensore che rileva la corretta pressione del suo veicolo. Abbiamo provveduto al suo reset. Se dovesse accendersi non si allarmi e torni c/o la nostra officina per un controllo.	null	null	null	null	null	null	null	null	null	null	null	null	null	null	null	null	null	null	null	FR953GP	3	null	null	07/04/2022 07:30	20,02	2,5	2,5	3,5	10000	3000	null	null	False	False	False	null	null	null	0x000000004AAB3F7D	null	null	OK	OK	null	null	null	null	null	null	null	null	null	null	null	1311	null	null	True	1629	null	null	null	null	null	null	null	null	null	null	null	null	null	null	null	null	null	null	null	null	null	null	null	True	null	null	null	null	null	null	null	null	null	null	null	null	False	False	null	null	null	False	16/10/2021 08:26	null	null	OK	OK	null	null	null	null	null	null	null	False	Bg4_Ponte1 (16/10/2021 08:02:24)	False	PNEUMATICI	null	null	null	null	null	null	null	null	True
396662	24189	89573	False	BG1	61772	20/10/2022 07:54	null	False	null	null	null	null	null	null	False	null	null	null	null	null	NO	null	null	null	null	null	null	null	null	null	null	SANDRO	null	null	null	null	null	null	null	null	null	null	null	FR953GP	3	null	20/10/2022 07:54	25/10/2022 09:45	0	2,5	2,5	3,5	10000	3000	null	null	False	True	null	null	null	null	0x000000004AE523CF	null	null	null	null	null	null	null	null	null	null	null	null	null	null	null	null	null	null	null	null	null	null	null	null	null	null	null	null	null	null	null	null	null	null	null	null	null	null	null	null	null	null	null	False	null	null	null	null	null	null	null	null	null	null	null	null	False	False	null	null	null	False	null	null	null	null	null	null	null	null	null	null	null	null	False	BG1_Ponte1 (20/10/2022 07:54:36)	False	PNEUMATICI	null	null	null	null	null	null	null	Fabio	True
408125	24189	89573	True	BG3	66415	21/12/2022 11:10	null	False	null	null	null	null	null	null	False	null	null	null	null	null	Contanti	null	null	 Abbiamo eseguito la riparazione del suo pneumatico secondo i criteri di massima sicurezza per la sua circolazione.	null	null	null	null	null	null	null	Singh	null	null	null	null	null	null	null	null	null	null	POST DX	FR953GP	3	null	21/12/2022 11:10	05/03/2024 02:58	9,99	2,5	2,5	3,5	10000	3000	null	null	False	False	null	null	null	null	0x000000004AAC08D5	null	null	null	null	null	null	null	null	null	null	null	null	null	null	null	null	null	null	null	null	null	null	null	null	null	null	null	null	null	null	null	null	null	null	null	null	null	null	null	null	null	null	null	False	null	null	null	null	null	null	null	null	null	null	null	null	False	False	null	null	null	False	null	null	null	null	null	null	null	null	null	null	null	null	False	BG1_Ponte1 (21/12/2022 11:10:31)	False	PNEUMATICI	null	null	null	null	null	null	null	Fabio	True
414318	24189	89573	False	BG1	69192	03/03/2023 12:06	null	False	4.50	null	null	null	null	null	False	null	null	null	null	null	Altro	null	null	null	null	null	null	null	null	null	null	null	null	null	null	null	null	null	null	null	null	null	null	FR953GP	3	null	03/03/2023 12:06	09/05/2023 14:19	0,01	2,5	2,5	3,5	10000	3000	null	null	False	False	null	null	null	null	0x000000004AAC1F1F	null	null	null	null	null	null	null	null	null	null	null	null	null	null	null	192	null	null	True	236	null	null	null	null	null	null	null	null	null	null	null	null	null	null	null	null	null	null	null	null	null	null	null	False	null	null	null	null	null	null	null	null	null	null	null	null	False	False	null	null	null	False	03/03/2023 12:11	null	null	null	null	null	null	null	null	null	null	null	False	beatricemenozzi (03/03/2023 12:06:17)	False	PNEUMATICI	BG1	null	null	null	null	null	null	null	True
442838	24189	89573	False	BG1	74696	03/10/2023 11:17	null	False	null	null	null	null	null	null	False	null	null	null	null	null	Contanti	null	null	null	null	null	null	null	null	null	null	OUSSAMA+MARCO	null	null	null	null	null	null	null	null	null	null	null	FR953GP	3	null	03/10/2023 11:17	04/03/2024 03:52	72,03	2,5	2,5	3,5	10000	3000	null	null	False	False	null	null	null	null	0x000000004AAC7BAA	null	null	OK	OK	null	null	null	null	null	null	null	null	null	null	null	null	null	null	null	null	null	null	null	null	null	null	null	null	null	null	null	null	null	null	null	null	null	null	null	null	null	null	null	False	null	null	null	null	null	null	null	null	null	null	null	null	False	False	null	null	null	False	null	null	null	null	null	null	null	null	null	null	null	null	False	BG1_Ponte1 (03/10/2023 11:17:29)	False	PNEUMATICI	null	null	null	null	null	null	null	Fabio	True
500419	24189	89573	False	BG1	89000	15/10/2024 08:27	null	False	null	null	null	null	null	null	False	null	null	null	null	null	Pos	null	null	 (I suoi dischi freno anteriori sono quasi al limite dell’usura prevista.) (I suoi freni anteriori sono quasi al limite dell’usura prevista.)	null	null	null	null	null	null	null	OUSSAMA	null	null	null	null	null	null	null	null	null	null	null	FR953GP	3	null	15/10/2024 08:27	17/03/2025 02:16	0,02	2,5	2,5	3,5	10000	3000	null	null	False	False	null	null	null	null	0x000000004AAD26CC	null	null	DA FARE	OK	null	null	null	null	null	null	null	null	null	null	null	2534	null	null	True	1258	null	null	null	null	null	null	null	null	null	null	null	null	null	null	null	null	null	null	null	null	null	null	null	False	null	null	null	null	null	null	null	null	null	null	null	null	False	False	null	null	null	False	15/10/2024 08:31	null	null	DA FARE	OK	null	null	null	null	null	null	null	False	BG1_Ponte1 (15/10/2024 08:27:42)	False	PNEUMATICI	null	null	null	null	null	null	null	Gianmario	True
523297	24189	89573	False	BG1	93595	19/03/2025 09:01	null	False	null	null	null	null	null	null	False	null	null	null	null	null	Contanti	null	null	null	null	null	null	null	null	null	null	OUSSAMA	null	null	null	null	null	null	null	null	null	null	null	FR953GP	3	null	19/03/2025 09:02	19/03/2025 09:09	0,01	2,5	2,5	3,5	10000	3000	null	null	False	False	null	null	null	null	0x0000000050E99B54	null	null	OK	OK	null	null	null	null	null	null	null	null	null	null	null	360	null	null	True	254	null	null	null	null	null	null	null	null	null	null	null	null	null	null	null	null	null	null	null	null	null	null	null	False	null	null	null	null	null	null	null	null	null	null	null	null	False	False	null	null	null	False	19/03/2025 09:09	null	null	OK	OK	null	null	null	null	null	null	null	False	BG1_Ponte1 (19/03/2025 09:02:00)	False	PNEUMATICI	BG1	null	null	null	null	null	null	OUSSAMA	True
292278	24189	89573	null	BG2	35000	29/06/2020 14:13	NO	False	null	null	null	null	null	null	False	2	null	null	null	False	NO	null	4	null	null	null	null	null	null	null	False	Gabriele	null	True	null	null	True	False	False	null	null	null	null	FR953GP	3	True	29/06/2020 00:00	05/01/2022 10:21	0,01	2,5	2,5	3,5	10000	3000	False	False	False	False	False	null	null	null	0x000000004AAA8D8D	null	null	OK	OK	null	null	4	null	null	null	False	null	null	null	null	764	null	null	True	1611	null	null	null	null	null	null	null	null	null	null	null	null	null	null	null	null	null	null	null	null	null	null	False	True	null	False	null	null	null	null	True	False	null	null	null	null	False	False	null	null	0.00	False	29/08/2020 12:00	null	null	null	null	null	null	null	null	null	null	null	null	null	null	PNEUMATICI	null	null	null	null	null	null	null	null	null
471296	24189	89573	False	BG2	82400	04/04/2024 08:02	null	False	null	null	null	null	null	null	False	null	null	null	null	null	Pos	null	null	null	null	null	null	null	null	null	null	null	null	null	null	null	null	null	null	null	null	null	null	FR953GP	2	null	04/04/2024 08:02	27/05/2024 17:12	1	2,5	2,5	3,5	10000	3000	null	null	False	False	null	null	null	null	0x000000004AACD03D	null	null	null	null	null	null	null	null	null	null	null	null	null	null	347	null	null	null	null	null	null	null	null	null	null	null	null	null	null	null	null	null	null	null	null	null	null	null	null	null	null	null	null	False	null	null	null	null	null	null	null	null	null	null	null	null	False	False	null	null	null	False	04/04/2024 08:05	null	null	null	null	null	null	null	null	null	null	null	False	tizianacalamosca (04/04/2024 08:02:35)	False	PNEUMATICI	BG2	null	null	null	null	null	null	null	True
507144	125572	181238	False	BG1	82083	14/11/2024 09:05	null	False	null	null	null	null	null	null	False	null	null	null	null	null	NO	null	null	 La sua macchina è dotata di TPMS ovvero il sensore che rileva la corretta pressione del suo veicolo. Abbiamo provveduto al suo reset. Se dovesse accendersi non si allarmi e torni c/o la nostra officina per un controllo.	null	null	null	null	null	null	null	ANTONIO	null	null	null	null	null	null	null	null	null	null	null	GG046ZG	3	null	14/11/2024 09:05	30/11/2024 18:32	151,06	2,5	2,5	3,5	10000	3000	null	null	False	False	null	null	null	null	0x000000004AAD3C29	null	null	null	null	null	null	null	null	null	null	null	null	null	null	null	3407	null	null	null	null	null	null	null	null	null	null	null	null	null	null	null	null	null	null	null	null	null	null	null	null	null	null	null	True	null	null	null	null	null	THYIDE	null	null	null	null	null	null	False	False	null	null	null	False	30/11/2024 18:36	null	null	null	null	null	null	null	null	null	null	null	False	BG1_Ponte1 (14/11/2024 09:05:12)	False	PNEUMATICI	null	null	null	null	null	null	null	Mohamed	False
538693	125572	181238	False	BG1	104490	28/05/2025 11:50	null	False	null	null	3176	null	null	null	False	null	null	null	null	null	NO	null	null	La sua macchina è dotata di TPMS ovvero il sensore che rileva la corretta pressione del suo veicolo. Abbiamo provveduto al suo reset. Se dovesse accendersi non si allarmi e torni c/o la nostra officina per un controllo. Abbiamo eseguito la riparazione del suo pneumatico secondo i criteri di massima sicurezza per la sua circolazione.	null	null	null	null	null	null	null	CISCO	null	null	null	null	null	null	null	null	null	null	VITE IN PS	GG046ZG	3	null	28/05/2025 11:51	21/07/2025 10:55	24,4	2,5	2,5	3,5	10000	3000	null	null	False	False	null	null	null	null	0x0000000050500C4C	null	null	-	OK	null	null	null	null	null	null	null	null	null	null	null	1634	null	null	null	null	null	null	null	null	null	null	null	null	null	null	null	null	null	null	null	null	null	null	null	null	null	null	null	True	null	null	null	null	null	TI40MX	null	null	null	null	null	null	False	False	null	null	null	False	28/06/2025 17:15	null	null	-	OK	null	null	null	null	null	null	null	False	BG1_Ponte1 (28/05/2025 11:50:54)	False	PNEUMATICI	null	null	null	null	null	null	null	CISCO	False
301185	24189	89573	null	BG1	39245	01/10/2020 16:18	NO	False	null	null	null	null	null	null	False	2	null	null	null	False	NO	null	4	null	null	null	null	null	null	null	False	Fabio+MICHELE	null	null	null	null	False	False	False	null	null	null	null	FR953GP	3	False	01/10/2020 00:00	05/01/2022 10:21	0,01	2,5	2,5	3,5	10000	3000	False	False	False	False	False	null	null	null	0x000000004AAAA653	null	null	OK	OK	null	null	4	null	null	null	null	null	null	null	null	1389	null	null	True	1763	null	null	null	null	null	null	null	null	null	null	null	null	null	null	null	null	null	null	null	null	null	null	False	True	null	False	null	null	null	null	True	False	null	null	null	null	False	False	null	null	null	False	01/10/2020 16:47	null	null	OK	OK	null	null	null	null	null	null	null	null	null	null	PNEUMATICI	null	null	null	null	null	null	null	null	null
371557	24189	89573	null	BG1	56400	07/04/2022 12:36	null	False	null	null	null	null	null	null	False	null	null	null	null	null	Contanti	null	null	 La sua macchina è dotata di TPMS ovvero il sensore che rileva la corretta pressione del suo veicolo. Abbiamo provveduto al suo reset. Se dovesse accendersi non si allarmi e torni c/o la nostra officina per un controllo.	null	null	null	null	null	null	null	Adrian	null	null	null	null	null	null	null	null	null	null	null	FR953GP	3	null	07/04/2022 12:36	17/01/2025 08:16	0,01	2,5	2,5	3,5	10000	3000	null	null	False	False	False	null	null	null	0x000000004AE52309	null	null	OK	OK	null	null	null	null	null	null	null	null	null	null	null	281	null	null	True	585	null	null	null	null	null	null	null	null	null	null	null	null	null	null	null	null	null	null	null	null	null	null	null	True	null	null	null	null	null	null	null	null	null	null	null	null	False	False	null	null	null	False	07/04/2022 12:57	null	null	OK	OK	null	null	null	null	null	null	null	False	BG1_Ponte1 (07/04/2022 12:36:49)	False	PNEUMATICI	null	null	null	null	null	null	null	Lele	True
520985	125572	181238	False	BG1	92093	20/02/2025 16:53	null	False	null	null	null	null	null	null	False	null	null	null	null	null	Riba / BB	null	null	 La sua macchina è dotata di TPMS ovvero il sensore che rileva la corretta pressione del suo veicolo. Abbiamo provveduto al suo reset. Se dovesse accendersi non si allarmi e torni c/o la nostra officina per un controllo.	null	null	null	null	null	null	null	Hamza+OUSSAMA	null	null	null	null	null	null	null	null	null	null	null	GG046ZG	3	null	20/02/2025 16:53	20/02/2025 17:22	68,32	2,5	2,5	3,5	10000	3000	null	null	False	False	null	null	null	null	0x000000004AAD6A7E	null	null	null	null	null	null	null	null	null	null	null	null	null	null	null	231	null	null	null	null	null	null	null	null	null	null	null	null	null	null	null	null	null	null	null	null	null	null	null	null	null	null	null	True	null	null	null	null	null	null	null	null	null	null	null	null	False	False	null	null	null	False	20/02/2025 17:21	null	null	null	null	null	null	null	null	null	null	null	False	BG1_Ponte1 (20/02/2025 16:53:21)	False	PNEUMATICI	BG1	null	null	null	null	null	null	Hamza	False
484346	24189	89573	False	BG1	3	17/06/2024 11:26	null	False	null	null	null	null	null	null	False	null	null	null	null	null	Contanti	null	null	null	null	null	null	null	null	null	null	null	null	null	null	null	null	null	null	null	null	null	null	FR953GP	3	null	17/06/2024 11:26	17/07/2025 12:53	0,01	2,5	2,5	3,5	10000	3000	null	null	False	False	null	null	null	null	0x00000000500C6625	null	null	null	null	null	null	null	null	null	null	null	null	null	null	null	1943	null	null	True	770	null	null	null	null	null	null	null	null	null	null	null	null	null	null	null	null	null	null	null	null	null	null	null	False	null	null	null	null	null	null	null	null	null	null	null	null	False	False	null	null	null	False	17/06/2024 12:12	null	null	null	null	null	null	null	null	null	null	null	False	Antonio (17/06/2024 11:26:11)	False	PNEUMATICI	null	null	null	null	null	null	null	null	True
492294	24189	89573	False	BG6	1	20/08/2024 14:02	null	False	null	null	null	null	null	null	False	null	null	null	null	null	NO	null	null	null	null	null	null	null	null	null	null	Nicola	null	null	null	null	null	null	null	null	null	null	null	FR953GP	3	null	20/08/2024 14:02	04/09/2024 09:42	0	2,5	2,5	3,5	10000	3000	null	null	False	False	null	null	null	null	0x000000004AAD14B9	null	null	null	null	null	null	null	null	null	null	null	null	null	null	null	null	null	null	null	null	null	null	null	null	null	null	null	null	null	null	null	null	null	null	null	null	null	null	null	null	null	null	null	False	null	null	null	null	null	null	null	null	null	null	null	null	False	False	null	null	null	False	null	null	null	null	null	null	null	null	null	null	null	null	False	NicolaTuffanelli (20/08/2024 14:02:11)	False	PNEUMATICI	null	null	null	null	null	null	null	Nicola	True
524483	24189	89573	False	BG1	93563	21/03/2025 08:21	null	False	5.00	null	null	null	null	null	False	null	null	null	null	null	Contanti	null	null	null	null	null	null	null	null	null	null	Mohamed	null	null	null	null	null	null	null	null	null	null	null	FR953GP	3	null	21/03/2025 08:22	17/07/2025 15:46	0,01	2,5	2,5	3,5	10000	3000	null	null	False	False	null	null	null	null	0x00000000506109F5	null	null	null	null	null	null	null	null	null	null	null	null	null	null	null	371	null	null	True	262	null	null	null	null	null	null	null	null	null	null	null	null	null	null	null	null	null	null	null	null	null	null	null	False	null	null	null	null	null	null	null	null	null	null	null	null	False	False	null	null	null	False	21/03/2025 08:25	null	null	null	null	null	null	null	null	null	null	null	False	beatricemenozzi (21/03/2025 08:21:28)	False	PNEUMATICI	BG1	null	null	null	null	null	null	Gianmario	True
384930	24189	89573	False	BG1	58962	21/06/2022 16:00	null	False	null	null	null	null	null	null	False	null	null	null	null	null	Altro	null	null	 La sua macchina è dotata di TPMS ovvero il sensore che rileva la corretta pressione del suo veicolo. Abbiamo provveduto al suo reset. Se dovesse accendersi non si allarmi e torni c/o la nostra officina per un controllo.	null	null	null	null	null	null	null	Gianmario	null	null	null	null	null	null	null	null	null	null	null	FR953GP	3	null	21/06/2022 16:01	05/03/2024 02:58	0	2,5	2,5	3,5	10000	3000	null	null	False	False	null	null	null	null	0x000000004AABB79E	null	null	null	null	null	null	null	null	null	null	null	null	null	null	null	1176	null	null	True	1177	null	null	null	null	null	null	null	null	null	null	null	null	null	null	null	null	null	null	null	null	null	null	null	True	null	null	null	null	null	null	null	null	null	null	null	null	False	False	null	null	null	False	21/06/2022 17:31	null	null	null	null	null	null	null	null	null	null	null	False	BG1_Ponte1 (21/06/2022 16:00:59)	False	PNEUMATICI	null	null	null	null	null	null	null	Fabio	True
390522	24189	89573	False	BG3	60600	25/08/2022 13:40	null	False	null	null	null	null	null	null	False	null	null	null	null	null	Contanti	null	null	null	null	null	null	null	null	null	null	Fabrizio	null	null	null	null	null	null	null	null	null	null	OK ANTONIO	FR953GP	3	null	25/08/2022 13:41	25/08/2022 14:02	0,01	2,5	2,5	3,5	10000	3000	null	null	False	False	null	null	null	null	0x000000004AABCB88	null	null	null	null	null	null	null	null	null	null	null	null	null	null	null	1288	null	null	True	1416	null	null	null	null	null	null	null	null	null	null	null	null	null	null	null	null	null	null	null	null	null	null	null	False	null	null	null	null	null	null	null	null	null	null	null	null	False	False	null	null	null	False	25/08/2022 14:01	null	null	null	null	null	null	null	null	null	null	null	False	DavideBoschi (25/08/2022 13:40:32)	False	PNEUMATICI	null	null	null	null	null	null	null	Davide B.	True
403389	24189	89573	True	BG1	60039	23/11/2022 15:12	null	False	null	null	null	null	null	null	False	null	null	null	null	null	Contanti	null	null	 Abbiamo eseguito la riparazione del suo pneumatico secondo i criteri di massima sicurezza per la sua circolazione.	null	null	null	null	null	null	null	Fabio	null	null	null	null	null	null	null	null	null	null	ANT SX	FR953GP	3	null	23/11/2022 15:12	05/03/2024 02:58	20	2,5	2,5	3,5	10000	3000	null	null	False	False	null	null	null	null	0x000000004AABF728	null	null	null	null	null	null	null	null	null	null	null	null	null	null	null	null	null	null	null	null	null	null	null	null	null	null	null	null	null	null	null	null	null	null	null	null	null	null	null	null	null	null	null	False	null	null	null	null	null	null	null	null	null	null	null	null	False	False	null	null	null	False	null	null	null	null	null	null	null	null	null	null	null	null	False	BG1_Ponte1 (23/11/2022 15:12:26)	False	PNEUMATICI	null	null	null	null	null	null	null	Fabio	True
461449	125572	181238	False	BG1	52213	04/01/2024 13:55	null	False	null	null	null	null	null	null	False	null	null	null	null	null	NO	null	null	null	null	null	null	null	null	null	null	OUSSAMA+MATTEO	null	null	null	null	null	null	null	null	null	null	null	GG046ZG	3	null	04/01/2024 13:55	04/01/2024 14:06	956,09	2,5	2,5	3,5	10000	3000	null	null	False	False	null	null	null	null	0x000000004AACB4AD	null	null	null	null	null	null	null	null	null	null	null	null	null	null	null	18	null	23686	null	null	null	null	null	null	null	null	null	null	null	null	null	null	null	null	null	null	null	null	null	null	null	null	null	False	null	null	null	null	null	null	null	null	null	null	null	null	False	False	null	null	null	False	08/01/2024 10:27	null	null	null	null	null	null	null	null	null	null	null	False	BG1_Ponte1 (04/01/2024 13:55:06)	False	PNEUMATICI	null	null	null	null	null	null	null	Fabio	True
469438	24189	89573	False	BG1	82187	20/03/2024 09:55	null	False	null	null	null	null	null	null	False	null	null	null	null	null	Riba / BB	null	null	null	null	null	null	null	null	null	null	OUSSAMA+MIRKO	null	null	null	null	null	null	null	null	null	null	null	FR953GP	3	null	19/03/2024 09:55	20/03/2024 08:14	0,01	2,5	2,5	3,5	10000	3000	null	null	False	False	null	null	null	null	0x000000004AACC9E2	null	null	OK	OK	null	null	null	null	null	null	null	null	null	null	null	455	null	null	True	319	null	null	null	null	null	null	null	null	null	null	null	null	null	null	null	null	null	null	null	null	null	null	null	False	null	null	null	null	null	null	null	null	null	null	null	null	False	False	null	null	null	False	20/03/2024 08:14	null	null	OK	OK	null	null	null	null	null	null	null	False	BG1_Ponte1 (19/03/2024 09:55:41)	False	PNEUMATICI	null	null	null	null	null	null	null	Daniele	True
322424	24189	89573	null	BG1	41181	25/03/2021 10:51	null	False	null	null	null	null	null	null	False	null	null	null	null	null	Altro	null	null	null	null	null	null	null	null	null	null	Gionni	null	null	null	null	null	null	null	null	null	null	null	FR953GP	3	null	null	25/03/2021 11:29	0,01	2,5	2,5	0	10000	3000	null	null	False	False	False	null	null	null	0x000000004AAAEC0F	null	null	null	null	null	null	null	null	null	null	null	null	null	null	null	251	null	null	True	361	null	null	null	null	null	null	null	null	null	null	null	null	null	null	null	null	null	null	null	null	null	null	null	False	null	null	null	null	null	null	null	null	null	null	null	null	False	False	null	null	null	False	25/03/2021 11:29	null	null	null	null	null	null	null	null	null	null	null	False	BG1_Ponte1 (25/03/2021 10:51:36)	False	PNEUMATICI	null	null	null	null	null	null	null	Gionni	null
482195	24189	89573	False	BG4	83664	29/05/2024 17:09	null	False	null	null	null	null	null	null	False	null	null	null	null	null	Contanti	null	null	null	null	null	null	null	null	null	null	Andrea M.	null	null	null	null	null	null	null	null	null	null	null	FR953GP	3	null	29/05/2024 17:09	19/06/2024 14:25	78,75	2,5	2,5	3,5	10000	3000	null	null	False	False	null	null	null	null	0x000000004AACF807	null	null	OK	OK	null	null	null	null	null	null	null	null	null	null	null	733	null	null	True	782	null	null	null	null	null	null	null	null	null	null	null	null	null	null	null	null	null	null	null	null	null	null	null	False	null	null	null	null	null	null	null	null	null	null	null	null	False	False	null	null	null	False	19/06/2024 14:24	null	null	OK	OK	null	null	null	null	null	null	null	False	AndreaMonari (29/05/2024 17:09:44)	False	REVISIONI	null	null	null	null	null	null	null	Andrea M.	False
528135	125572	181238	False	BG1	99922	15/04/2025 08:57	null	False	null	null	21086	null	null	null	False	null	null	null	null	null	NO	null	null	 La sua macchina è dotata di TPMS ovvero il sensore che rileva la corretta pressione del suo veicolo. Abbiamo provveduto al suo reset. Se dovesse accendersi non si allarmi e torni c/o la nostra officina per un controllo.	null	null	null	null	null	null	null	OUSSAMA	null	null	null	null	null	null	null	null	null	null	null	GG046ZG	3	null	15/04/2025 08:57	30/07/2025 14:49	226,71	2,5	2,5	3,5	10000	3000	null	null	False	False	null	null	null	null	0x0000000050E9A4EC	null	null	null	null	null	null	null	null	null	null	null	null	null	null	null	823	null	null	null	null	null	null	null	null	null	null	null	null	null	null	null	null	null	null	null	null	null	null	null	null	null	null	null	True	null	null	null	null	null	 TI1FZW	null	null	null	null	null	null	False	False	null	null	null	False	30/04/2025 22:18	null	null	null	null	null	null	null	null	null	null	null	False	BG1_Ponte1 (15/04/2025 08:57:28)	False	PNEUMATICI	null	null	null	null	null	null	null	Gianmario	False
342207	24189	89573	null	BG5	45519	17/07/2021 12:31	null	False	null	null	null	null	null	null	False	null	null	null	null	null	NO	null	null	null	null	null	null	null	null	null	null	null	null	null	null	null	null	null	null	null	null	null	CHIUSA ANTONIO	FR953GP	3	null	null	27/09/2021 13:48	0	2,5	2,5	3,5	10000	3000	null	null	False	True	True	null	null	null	0x000000004AAB24C7	null	null	OK	OK	null	null	null	null	null	null	null	null	null	null	null	null	null	null	null	null	null	null	null	null	null	null	null	null	null	null	null	null	null	null	null	null	null	null	null	null	null	null	null	False	null	null	null	null	null	null	null	null	null	null	null	null	False	False	null	null	null	False	null	null	null	OK	OK	null	null	null	null	null	null	null	False	Bg5_Officina1 (17/07/2021 12:31:40)	False	PNEUMATICI	BG5	null	null	null	null	null	null	null	True
382616	24189	89573	null	BG4	58044	30/05/2022 14:35	null	False	null	null	null	null	null	null	False	null	null	null	null	null	Contanti	null	null	 La sua macchina è dotata di TPMS ovvero il sensore che rileva la corretta pressione del suo veicolo. Abbiamo provveduto al suo reset. Se dovesse accendersi non si allarmi e torni c/o la nostra officina per un controllo.	null	null	null	null	null	null	null	Andrea M.	null	null	null	null	null	null	null	null	null	null	null	FR953GP	2	null	30/05/2022 14:35	19/06/2024 14:21	78,75	2,5	2,5	3,5	10000	3000	null	null	False	False	null	null	null	null	0x000000004AABAF6A	null	null	OK	OK	null	null	null	null	null	null	null	null	null	null	1541	null	null	null	null	null	null	null	null	null	null	null	null	null	null	null	null	null	null	null	null	null	null	null	null	null	null	null	null	True	null	null	null	null	null	null	null	null	null	null	null	null	False	False	null	null	null	False	30/05/2022 15:34	null	null	OK	OK	null	null	null	null	null	null	null	False	AndreaMonari (30/05/2022 14:35:30)	False	REVISIONI	null	null	null	null	null	null	null	Andrea M.	False
430276	24189	89573	True	BG1	72839	31/05/2023 10:37	null	False	null	null	null	null	null	null	False	null	null	null	null	null	Contanti	null	null	 Le confermiamo di avere eseguito la rigenerazione dei mozzi che garantisce il corretto serraggio della ruota su mozzo.	null	null	null	null	null	null	null	OUSSAMA+DANIELE	null	null	null	null	null	null	null	null	null	null	GOMME ARRIVATE IN CESSIONE GRATUITA DA BRIDGESTONE X ANTONIO	FR953GP	3	null	31/05/2023 10:37	30/07/2025 11:42	34,7	2,5	2,5	3,5	10000	3000	null	null	False	False	null	null	null	null	0x0000000050E99AEF	null	null	OK	OK	null	null	null	null	null	null	null	null	null	null	null	null	null	null	null	null	null	null	null	null	null	null	null	null	null	null	null	null	null	null	null	null	null	null	null	null	null	null	null	False	null	null	null	null	null	null	null	null	null	null	null	null	False	False	null	null	null	False	null	null	null	null	null	null	null	null	null	null	null	null	False	BG1_Ponte1 (31/05/2023 10:37:27)	False	PNEUMATICI	null	null	null	null	null	null	null	Fabio	True
485911	24189	89573	False	BG2	1	02/07/2024 11:14	null	False	null	null	null	null	null	null	False	null	null	null	null	null	Pos	null	null	null	null	null	null	null	null	null	null	null	null	null	null	null	null	null	null	null	null	null	null	FR953GP	2	null	02/07/2024 11:15	10/10/2024 11:05	1	2,5	2,5	3,5	10000	3000	null	null	False	False	null	null	null	null	0x000000004AE52266	null	null	null	null	null	null	null	null	null	null	null	null	null	null	1277	null	null	null	null	null	null	null	null	null	null	null	null	null	null	null	null	null	null	null	null	null	null	null	null	null	null	null	null	False	null	null	null	null	null	null	null	null	null	null	null	null	False	False	null	null	null	False	02/07/2024 17:17	null	null	null	null	null	null	null	null	null	null	null	False	tizianacalamosca (02/07/2024 11:14:03)	False	PNEUMATICI	BG2	null	null	null	null	null	null	null	False
393324	24189	89573	False	BG6	61000	19/09/2022 18:44	null	False	null	null	null	null	null	null	False	null	null	null	null	null	NO	null	null	null	null	null	null	null	null	null	null	null	null	null	null	null	null	null	null	null	null	null	null	FR953GP	3	null	19/09/2022 18:45	25/10/2022 17:08	0	2,5	2,5	3,5	10000	3000	null	null	False	False	null	null	null	null	0x000000004AABD207	null	null	null	null	null	null	null	null	null	null	null	null	null	null	null	null	null	null	null	null	null	null	null	null	null	null	null	null	null	null	null	null	null	null	null	null	null	null	null	null	null	null	null	False	null	null	null	null	null	null	null	null	null	null	null	null	False	False	null	null	null	False	null	null	null	null	null	null	null	null	null	null	null	null	False	NicolaTuffanelli (19/09/2022 18:44:52)	False	PNEUMATICI	BG6	null	null	null	null	null	null	null	True
473196	125572	181238	False	BG1	76880	15/04/2024 08:44	null	False	null	null	null	null	null	null	False	null	null	null	null	null	NO	null	null	 La sua macchina è dotata di TPMS ovvero il sensore che rileva la corretta pressione del suo veicolo. Abbiamo provveduto al suo reset. Se dovesse accendersi non si allarmi e torni c/o la nostra officina per un controllo.	null	null	null	null	null	null	null	OUSSAMA	null	null	null	null	null	null	null	null	null	null	"egata il: 16/04/2024 09:52:30 con le note: Cortesemente allegare foto degli pneumatici invernali con specifiche, marchio e DOT in evidenza per incongruità storico. Grazie
INSERITA CORRETTA. AUTORIZZATA !!!!!!!"	GG046ZG	3	null	15/04/2024 08:44	30/07/2025 12:30	98,72	2,5	2,5	3,5	10000	3000	null	null	False	False	null	null	null	null	0x0000000050E99D27	null	null	OK	OK	null	null	null	null	null	null	null	null	null	null	null	2069	null	null	null	null	null	null	null	null	null	null	null	null	null	null	null	null	null	null	null	null	null	null	null	null	null	null	null	True	null	null	null	null	null	THWBKA	null	null	null	null	null	null	False	False	null	null	null	False	03/07/2024 12:27	null	null	OK	OK	null	null	null	null	null	null	null	False	BG1_Ponte1 (15/04/2024 08:44:25)	False	PNEUMATICI	null	null	null	null	null	null	null	Daniele	False
544621	125572	181238	False	BG1	110323	21/07/2025 10:39	null	False	null	null	3176	null	null	null	False	null	null	null	null	null	Riba / BB	null	null	 La sua macchina è dotata di TPMS ovvero il sensore che rileva la corretta pressione del suo veicolo. Abbiamo provveduto al suo reset. Se dovesse accendersi non si allarmi e torni c/o la nostra officina per un controllo.	null	null	null	null	null	null	null	ANDREI	null	null	null	null	null	null	null	null	null	null	null	GG046ZG	3	null	21/07/2025 10:39	21/07/2025 11:14	135,42	2,5	2,5	3,5	10000	3000	null	null	False	False	null	null	null	null	0x0000000050E9A4ED	null	null	OK	OK	null	null	null	null	null	null	null	null	null	null	null	1889	null	null	null	null	null	null	null	null	null	null	null	null	null	null	null	null	null	null	null	null	null	null	null	null	null	null	null	True	null	null	null	null	null	null	null	null	null	null	null	null	False	False	null	null	null	False	21/07/2025 11:04	null	null	OK	OK	null	null	null	null	null	null	null	False	BG1_Ponte1 (21/07/2025 10:39:30)	False	PNEUMATICI	BG1	null	null	null	null	null	null	ANDREI	True
479279	1794	171590	0	BG4	27000	2024-05-15 08:22:27.000	NULL	0	NULL	NULL	NULL	NULL	NULL	NULL	0	NULL	NULL	NULL	NULL	NULL	Altro	NULL	NULL	NULL	NULL	NULL	NULL	NULL	NULL	NULL	NULL	Moussa	NULL	NULL	NULL	NULL	NULL	NULL	NULL	NULL	NULL	NULL	NULL	GN348PR	3	NULL	2024-05-15 08:22:27.657	2024-11-18 18:52:06.000	1466,39	2,5	2,5	3,5	10000	3000	NULL	NULL	0	0	NULL	NULL	NULL	NULL	0x000000004AACED8B	NULL	NULL	NULL	NULL	NULL	NULL	NULL	NULL	NULL	NULL	NULL	NULL	NULL	NULL	NULL	1465	0	26626	NULL	NULL	NULL	NULL	NULL	NULL	NULL	NULL	NULL	NULL	NULL	NULL	NULL	NULL	NULL	NULL	NULL	NULL	NULL	NULL	NULL	NULL	NULL	NULL	NULL	0	NULL	NULL	NULL	NULL	NULL	P409850820	NULL	NULL	NULL	NULL	NULL	NULL	0	0	NULL	NULL	NULL	0	2024-11-18 18:55:28.993	NULL	NULL	NULL	NULL	NULL	NULL	NULL	NULL	NULL	NULL	NULL	0	Bg4_Ponte1 (15/05/2024 08:22:27)	0	PNEUMATICI	BG4	NULL	NULL	NULL	NULL	NULL	NULL	Gabriele R.	1
540304	1794	171590	0	BG4	48000	2025-06-10 09:07:18.000	NULL	0	NULL	NULL	3176	NULL	NULL	NULL	0	NULL	NULL	NULL	NULL	NULL	NO	NULL	NULL	 La sua macchina è dotata di TPMS ovvero il sensore che rileva la corretta pressione del suo veicolo. Abbiamo provveduto al suo reset. Se dovesse accendersi non si allarmi e torni c/o la nostra officina per un controllo.	NULL	NULL	NULL	NULL	NULL	NULL	NULL	Moussa	NULL	NULL	NULL	NULL	NULL	NULL	NULL	NULL	NULL	NULL	NULL	GN348PR	3	NULL	2025-06-10 09:07:19.123	2025-07-29 09:54:59.000	2235,02	2,5	2,5	3,5	10000	3000	NULL	NULL	0	0	NULL	NULL	NULL	NULL	0x0000000050D880D6	NULL	NULL	OK	OK	NULL	NULL	NULL	NULL	NULL	NULL	NULL	NULL	NULL	NULL	NULL	865	NULL	36325	NULL	NULL	NULL	NULL	NULL	NULL	NULL	NULL	NULL	NULL	NULL	NULL	NULL	NULL	NULL	NULL	NULL	NULL	NULL	NULL	NULL	NULL	NULL	NULL	NULL	1	NULL	NULL	NULL	NULL	NULL	NULL	NULL	NULL	NULL	NULL	NULL	NULL	0	0	NULL	NULL	NULL	0	2025-06-10 09:55:03.727	NULL	NULL	NULL	NULL	NULL	NULL	NULL	NULL	NULL	NULL	NULL	0	Bg4_Ponte1 (10/06/2025 09:07:19)	0	PNEUMATICI	NULL	NULL	NULL	NULL	NULL	NULL	NULL	Bergamini	0
505233	1794	171590	0	BG4	36300	2024-11-05 10:57:08.000	NULL	0	NULL	NULL	NULL	NULL	NULL	NULL	0	NULL	NULL	NULL	NULL	NULL	Riba / BB	NULL	NULL	 La sua macchina è dotata di TPMS ovvero il sensore che rileva la corretta pressione del suo veicolo. Abbiamo provveduto al suo reset. Se dovesse accendersi non si allarmi e torni c/o la nostra officina per un controllo.	NULL	NULL	NULL	NULL	NULL	NULL	NULL	NULL	NULL	NULL	NULL	NULL	NULL	NULL	NULL	NULL	NULL	NULL	NULL	GN348PR	3	NULL	2024-11-05 10:57:34.090	2024-11-13 11:22:05.000	53,68	2,5	2,5	3,5	10000	3000	NULL	NULL	0	1	NULL	NULL	NULL	NULL	0x000000004AAD3509	NULL	NULL	OK	OK	NULL	NULL	NULL	NULL	NULL	NULL	NULL	NULL	NULL	NULL	NULL	1396	NULL	NULL	NULL	NULL	NULL	NULL	NULL	NULL	NULL	NULL	NULL	NULL	NULL	NULL	NULL	NULL	NULL	NULL	NULL	NULL	NULL	NULL	NULL	NULL	NULL	NULL	NULL	1	NULL	NULL	NULL	NULL	NULL	NULL	NULL	NULL	NULL	NULL	NULL	NULL	0	0	NULL	NULL	NULL	0	2024-11-13 11:19:27.220	NULL	NULL	NULL	NULL	NULL	NULL	NULL	NULL	NULL	NULL	NULL	0	Bg4_Ponte1 (05/11/2024 10:57:09)	0	PNEUMATICI	NULL	NULL	NULL	NULL	NULL	NULL	NULL	Bergamini	0
481630	1794	171590	0	BG4	27000	2024-05-27 10:13:27.000	NULL	0	NULL	NULL	NULL	NULL	NULL	NULL	0	NULL	NULL	NULL	NULL	NULL	NO	NULL	NULL	 La sua macchina è dotata di TPMS ovvero il sensore che rileva la corretta pressione del suo veicolo. Abbiamo provveduto al suo reset. Se dovesse accendersi non si allarmi e torni c/o la nostra officina per un controllo.	NULL	NULL	NULL	NULL	NULL	NULL	NULL	Moussa	NULL	NULL	NULL	NULL	NULL	NULL	NULL	NULL	NULL	NULL	NULL	GN348PR	3	NULL	2024-05-27 10:13:28.003	2024-11-05 10:16:52.000	3078,06	2,5	2,5	3,5	10000	3000	NULL	NULL	0	1	NULL	NULL	NULL	NULL	0x000000004AACF603	NULL	NULL	NULL	NULL	NULL	NULL	NULL	NULL	NULL	NULL	NULL	NULL	NULL	NULL	NULL	654	NULL	26926	NULL	NULL	NULL	NULL	NULL	NULL	NULL	NULL	NULL	NULL	NULL	NULL	NULL	NULL	NULL	NULL	NULL	NULL	NULL	NULL	NULL	NULL	NULL	NULL	NULL	1	NULL	NULL	NULL	NULL	NULL	NULL	NULL	NULL	NULL	NULL	NULL	NULL	0	0	NULL	NULL	NULL	0	2024-05-27 17:15:28.500	NULL	NULL	NULL	NULL	NULL	NULL	NULL	NULL	NULL	NULL	NULL	0	Bg4_Ponte1 (27/05/2024 10:13:27)	0	PNEUMATICI	BG4	NULL	NULL	NULL	NULL	NULL	NULL	Lorenzo G.	0
444666	1794	171590	0	BG4	17000	2023-10-19 17:42:35.000	NULL	0	NULL	NULL	NULL	NULL	NULL	NULL	0	NULL	NULL	NULL	NULL	NULL	NO	NULL	NULL	 La sua macchina è dotata di TPMS ovvero il sensore che rileva la corretta pressione del suo veicolo. Abbiamo provveduto al suo reset. Se dovesse accendersi non si allarmi e torni c/o la nostra officina per un controllo.	NULL	NULL	NULL	NULL	NULL	NULL	NULL	NULL	NULL	NULL	NULL	NULL	NULL	NULL	NULL	NULL	NULL	NULL	NULL	GN348PR	3	NULL	2023-10-18 17:42:38.750	2024-04-24 10:40:31.000	2361,99	2,5	2,5	3,5	10000	3000	NULL	NULL	0	1	NULL	NULL	NULL	NULL	0x000000004AAC8236	NULL	NULL	OK	OK	NULL	NULL	NULL	NULL	NULL	NULL	NULL	NULL	NULL	NULL	NULL	1053	NULL	22523	NULL	NULL	NULL	NULL	NULL	NULL	NULL	NULL	NULL	NULL	NULL	NULL	NULL	NULL	NULL	NULL	NULL	NULL	NULL	NULL	NULL	NULL	NULL	NULL	NULL	1	NULL	NULL	NULL	NULL	NULL	NULL	NULL	NULL	NULL	NULL	NULL	NULL	0	0	NULL	NULL	NULL	0	2023-10-19 12:32:51.407	NULL	NULL	OK	OK	NULL	NULL	NULL	NULL	NULL	NULL	NULL	0	Bg4_Ponte1 (18/10/2023 17:42:38)	0	PNEUMATICI	NULL	NULL	NULL	NULL	NULL	NULL	NULL	NULL	0
